代码,名称,总市值
3,PT金田A,5.2
4,*ST国华,3.49
5,ST星源,8.78
6,深振业Ａ,141.07
7,全新好,51.45
8,神州高铁,74.97
10,*ST美丽,23.7
11,深物业A,43.75
12,南  玻Ａ,76.41
13,*ST石化A,1.27
14,沙河股份,31.47
15,PT中浩A,1.8
16,*ST康佳A,50.93
17,深中华A,27.24
18,神城A退,2.69
19,深粮控股,30.26
20,深华发Ａ,25.54
23,*ST深天,2.38
25,特  力Ａ,62.84
26,飞亚达,74.77
28,国药一致,117.79
30,富奥股份,82.71
31,大悦城,133.3
33,新都退,7.31
35,中国天楹,149.65
36,华联控股,86.56
37,深南电A,39.65
38,大通退,1.3
40,*ST旭蓝,5.17
42,中洲控股,68.07
45,深纺织Ａ,56.17
46,*ST泛海,19.66
47,ST中侨,2.64
48,京基智农,78.78
49,德赛电池,107.44
55,方大集团,24.94
56,*ST皇庭,15.27
58,深 赛 格,82.03
59,华锦股份,82.21
61,农 产 品,128.83
65,北方国际,126.55
68,华控赛格,33.62
78,ST海王,64.58
88,盐 田 港,145.18
89,深圳机场,141.3
90,天健集团,66.89
96,广聚能源,47.66
99,中信海直,135.91
150,*ST宜康,4.11
151,中成股份,37.01
153,丰原药业,29.18
156,华数传媒,126.98
159,国际实业,30.09
401,金隅冀东,112.89
402,金 融 街,96.83
403,派林生物,110.81
404,长虹华意,57.84
405,ST鑫光,3.23
406,石油大明,26.9
407,胜利股份,39.76
409,云鼎科技,59.4
410,沈阳机床,120.43
411,英特集团,64.94
412,ST五环,3.07
413,ST旭电,18.61
416,*ST民控,2.39
417,合百集团,55.7
419,通程控股,30.6
420,吉林化纤,133.47
421,南京公用,35.61
428,华天酒店,38.31
430,ST张家界,29.09
488,ST晨鸣,40.83
498,山东路桥,80.0
501,武商集团,62.46
502,绿景退,1.08
503,国新健康,75.99
504,*ST生物,30.54
505,京粮控股,43.76
507,珠海港,47.19
508,琼民源A,44.03
509,华塑控股,41.64
510,新金路,101.0
511,烯碳退,7.04
514,渝 开 发,42.95
515,攀渝钛业,17.51
516,国际医学,100.28
517,荣安地产,51.83
518,*ST四环,31.5
520,凤凰航运,40.89
521,长虹美菱,50.06
522,白云山A,109.15
523,红棉股份,43.86
524,岭南控股,65.66
525,红太阳,60.04
526,学大教育,41.39
529,广弘控股,31.4
530,冰山冷热,36.37
531,穗恒运Ａ,66.87
532,华金资本,42.57
533,顺钠股份,91.98
535,*ST猴王,0.85
536,华映科技,111.63
540,*ST中天,27.89
541,佛山照明,69.03
542,TCL通讯,22.26
544,中原环保,82.36
545,金浦钛业,29.56
546,金圆股份,51.49
548,湖南投资,25.76
549,S湘火炬,55.09
550,江铃汽车,97.0
551,创元科技,82.76
552,甘肃能化,104.7
554,泰山石油,28.36
555,神州信息,138.98
556,PT南洋,1.76
557,西部创业,67.21
558,天府文旅,52.19
560,我爱我家,77.87
561,烽火电子,75.37
565,渝三峡Ａ,34.77
566,海南海药,63.41
567,海德股份,128.99
569,长城股份,24.77
570,苏常柴Ａ,37.18
571,新大洲A,41.92
572,海马汽车,87.7
573,粤宏远Ａ,29.56
576,甘化科工,37.96
578,盐湖集团,62.09
583,S*ST托普,0.99
584,工智退,2.2
585,东电退,2.13
586,汇源通信,36.69
587,*ST金洲,8.73
588,PT粤金曼,2.71
589,贵州轮胎,76.62
590,古汉医药,25.85
593,德龙汇能,81.02
594,国恒退,19.27
595,*ST宝实,79.02
597,东北制药,70.18
599,青岛双星,47.53
600,建投能源,108.9
601,韶能股份,84.91
602,金马集团,28.01
605,渤海股份,25.32
606,顺利退,2.14
607,华媒控股,36.11
608,*ST阳光,29.3
609,*ST中迪,42.87
610,*ST西旅,18.39
611,天首退,4.44
613,东海A退,1.55
615,*ST美谷,32.75
616,*ST海投,12.16
618,吉林化工,10.48
619,海螺新材,22.07
620,盈新发展,144.36
621,*ST比特,1.48
622,恒立退,0.64
626,远大控股,45.59
627,*ST天茂,71.35
628,高新发展,118.23
631,顺发恒能,77.51
632,ST三木,18.62
633,合金投资,25.15
635,英 力 特,29.42
637,茂化实华,17.35
638,*ST万方,2.77
639,ST西王,17.81
650,仁和药业,75.76
652,泰达股份,63.25
653,ST九州,5.45
655,金岭矿业,48.22
656,*ST金科,105.13
658,ST海洋,4.23
659,珠海中富,53.87
660,*ST南华,0.93
662,天夏退,2.73
663,永安林业,20.8
665,湖北广电,54.35
666,经纬纺机,26.33
667,ST美置,14.15
668,*ST荣控,26.87
669,ST金鸿,27.42
670,盈方微,66.0
671,ST阳光城,15.02
673,当代退,1.97
675,ST银山,2.63
676,智度股份,92.41
677,ST海龙,25.57
678,襄阳轴承,58.88
679,大连友谊,24.66
681,视觉中国,149.09
685,中山公用,144.58
687,华讯退,2.18
689,ST宏业,2.39
690,宝新能源,122.86
691,*ST亚太,26.09
692,惠天热电,27.65
693,华泽退,0.96
695,滨海能源,32.27
697,炼石航空,79.48
698,ST沈化,30.49
699,S*ST佳纸,0.76
700,模塑科技,127.7
701,厦门信达,40.6
702,正虹科技,18.16
705,浙江震元,22.53
707,双环科技,31.83
710,贝瑞基因,35.33
711,ST京蓝,148.83
712,锦龙股份,103.19
713,国投丰乐,38.74
715,中兴商业,27.67
716,黑芝麻,37.75
717,中南股份,59.13
718,苏宁环球,49.06
719,中原传媒,95.2
720,新能泰山,71.5
721,西安饮食,36.58
722,湖南发展,70.46
726,鲁  泰Ａ,38.48
727,冠捷科技,130.0
730,*ST环保,5.03
731,四川美丰,36.77
732,ST泰禾,10.69
735,罗 牛 山,72.97
736,*ST中地,42.36
751,锌业股份,88.96
752,*ST西发,24.27
753,漳州发展,66.43
755,山西高速,74.25
756,新华制药,73.64
757,浩物股份,26.0
758,中色股份,148.61
759,中百集团,34.82
760,斯太退,1.7
761,本钢板材,104.94
763,锦州石化,6.33
765,*ST华信,14.32
767,晋控电力,135.42
769,*ST大菲,0.73
777,中核科技,78.18
779,甘咨询,40.16
780,ST平能,111.07
782,恒申新材,43.52
785,居然智家,148.59
787,*ST创智,12.63
788,北大医药,36.47
789,万年青,39.31
790,华神科技,27.83
793,*ST华闻,53.73
795,英洛华,108.15
796,凯撒旅业,64.81
797,中国武夷,45.54
798,中水渔业,33.73
799,酒鬼酒,139.8
801,四川九洲,142.85
802,北京文化,34.99
803,山高环能,40.0
805,*ST炎黄,0.39
806,银河退,3.79
809,和展能源,32.08
810,创维数字,140.71
812,陕西金叶,29.94
813,德展健康,79.89
815,美利云,148.37
816,智慧农业,43.33
817,辽河油田,17.5
818,航锦科技,114.92
819,岳阳兴长,58.12
820,*ST节能,11.49
821,ST京机,64.52
822,山东海化,48.6
823,超声电子,91.02
826,*ST启环,30.64
827,*ST长兴,0.34
828,东莞控股,109.46
829,天音控股,114.5
832,*ST龙涤,2.66
833,粤桂股份,122.73
835,长动退,1.14
836,ST富通,4.47
837,秦川机床,123.1
838,*ST发展,20.86
839,国安股份,131.31
848,承德露露,91.71
850,华茂股份,41.41
851,*ST高鸿,4.3
852,石化机械,68.2
856,冀东装备,23.29
859,国风新材,83.14
860,顺鑫农业,91.31
861,海印股份,14.87
862,银星能源,45.34
863,三湘印象,63.98
866,扬子石化,48.44
868,安凯客车,31.75
869,张  裕Ａ,87.7
880,潍柴重机,66.11
881,中广核技,73.02
882,华联股份,44.04
885,城发环境,90.02
886,海南高速,52.61
888,峨眉山Ａ,59.17
889,中嘉博创,44.01
890,法尔胜,56.13
892,欢瑞世纪,31.92
897,津滨发展,34.77
899,赣能股份,136.59
900,现代投资,62.99
903,ST云动,39.56
905,厦门港务,85.23
906,浙商中拓,46.77
908,ST景峰,65.81
909,*ST数源,21.14
910,大亚圣象,36.55
911,*ST广糖,23.22
912,泸天化,68.21
913,钱江摩托,68.39
915,华特达因,68.33
916,华北高速,96.14
917,电广传媒,121.9
918,*ST嘉凯,8.84
919,金陵药业,44.95
920,沃顿科技,54.11
922,佳电股份,97.45
923,河钢资源,113.52
925,众合科技,72.44
926,福星股份,33.67
928,中钢国际,94.25
929,*ST兰黄,20.38
930,中粮科技,106.18
931,中 关 村,34.85
936,华西股份,66.71
939,凯迪退,4.56
948,南天信息,58.61
949,新乡化纤,134.83
950,重药控股,117.69
952,广济药业,25.73
953,河化股份,25.3
955,欣龙控股,25.95
956,中原油气,30.37
957,中通客车,69.84
961,ST中南,21.34
965,天保基建,40.95
968,蓝焰控股,81.08
971,*ST高升,4.66
972,*ST中基,29.39
976,*ST华铁,6.54
978,桂林旅游,30.66
979,中弘退,18.46
980,众泰汽车,138.16
982,中银绒业,7.67
985,大庆华科,25.15
989,九芝堂,65.74
990,诚志股份,137.93
993,闽东电力,58.4
995,皇台酒业,24.45
996,中期退,1.31
998,隆平高科,120.27
1201,东瑞股份,25.95
1202,炬申股份,20.21
1205,盛航股份,25.49
1206,依依股份,20.14
1207,联科科技,58.93
1208,华菱线缆,64.48
1209,洪兴股份,21.59
1210,金房能源,23.16
1211,双枪科技,35.88
1212,中旗新材,101.32
1215,千味央厨,44.92
1216,华瓷股份,43.93
1217,华尔泰,37.81
1218,丽臣实业,33.01
1219,青岛食品,27.36
1220,世盟股份,8.83
1221,悍高集团,21.83
1222,源飞宠物,20.42
1223,欧克科技,29.18
1225,和泰机电,10.65
1226,拓山重工,16.66
1227,兰州银行,93.21
1228,永泰运,24.3
1229,魅视科技,19.36
1230,劲旅环境,22.55
1231,农心科技,12.81
1233,海安集团,21.23
1234,泰慕士,27.66
1236,弘业期货,72.85
1238,浙江正特,49.19
1239,永达股份,17.31
1255,博菲电气,25.0
1256,炜冈科技,26.76
1257,盛龙股份,35.83
1258,立新能源,90.53
1259,利仁科技,21.61
1260,坤泰股份,25.82
1266,宏英智能,25.9
1268,联合精密,28.13
1269,欧晶科技,43.68
1277,速达股份,17.01
1278,一彬科技,19.47
1279,强邦新材,13.29
1280,中国铀业,134.56
1282,三联锻造,16.33
1283,豪鹏科技,59.94
1285,瑞立科密,22.15
1288,运机集团,42.45
1296,长江材料,17.49
1298,好上好,54.7
1299,美能能源,32.39
1300,三柏硕,45.63
1301,尚太科技,146.16
1306,夏厦精密,11.07
1308,康冠科技,101.35
1311,多利科技,40.69
1312,福恩股份,14.33
1313,粤海饲料,60.41
1314,亿道信息,70.06
1316,润贝航科,66.15
1317,三羊马,50.61
1318,阳光乳业,37.2
1319,铭科精技,19.79
1322,箭牌家居,57.82
1323,慕思股份,76.54
1324,长青科技,16.82
1325,元创股份,10.25
1326,联域股份,13.72
1328,登康口腔,51.43
1330,博纳影业,104.77
1331,胜通能源,105.17
1332,锡装股份,30.96
1333,光华股份,11.09
1335,信凯科技,11.96
1336,楚环科技,14.78
1338,永顺泰,63.77
1339,智微智能,128.87
1356,富岭股份,22.59
1358,兴欣新材,14.84
1359,平安电工,50.33
1360,南矿集团,27.74
1366,播恩集团,24.66
1367,海森药业,29.86
1368,通达创智,31.5
1369,双欣材料,32.51
1373,翔腾新材,13.47
1376,百通能源,33.02
1378,德冠新材,17.91
1379,腾达科技,14.83
1380,华纬科技,16.83
1382,新亚电缆,13.65
1386,马可波罗,20.94
1387,雪祺电气,16.46
1388,信通电子,12.19
1390,古麒绒材,10.22
1391,国货航,80.22
1395,亚联机械,18.27
1396,誉帆科技,11.59
1400,江顺科技,62.91
1914,招商积余,111.59
2002,ST鸿达,17.98
2003,伟星股份,101.6
2004,华邦健康,92.28
2005,ST德豪,50.81
2006,精工科技,93.67
2009,天奇股份,94.18
2011,盾安环境,130.54
2012,凯恩股份,33.01
2014,永新股份,70.21
2016,世荣兆业,43.29
2017,东信和平,113.99
2018,华信退,5.92
2019,亿帆医药,94.03
2020,京新药业,106.5
2021,中捷资源,38.49
2022,科华生物,31.06
2023,海特高新,98.61
2024,ST易购,120.29
2026,山东威达,57.62
2029,七 匹 狼,75.19
2030,达安基因,96.56
2031,巨轮智能,137.78
2033,丽江股份,50.11
2034,旺能环境,96.7
2035,华帝股份,45.59
2036,联创电子,91.51
2037,保利联合,41.86
2038,双鹭药业,59.12
2039,黔源电力,89.23
2040,南 京 港,51.09
2041,登海种业,88.0
2042,华孚时尚,82.99
2043,兔 宝 宝,131.3
2045,国光电器,64.04
2047,*ST宝鹰,84.75
2051,中工国际,139.2
2052,同洲电子,82.24
2053,云南能投,112.51
2054,德美化工,33.41
2055,ST得润,35.52
2057,中钢天源,72.02
2058,*ST威尔,37.84
2059,云南旅游,46.1
2060,广东建工,59.23
2061,浙江交科,100.59
2062,宏润建设,110.33
2063,远光软件,115.32
2066,瑞泰科技,55.28
2067,景兴纸业,65.41
2068,黑猫股份,66.66
2069,獐子岛,26.42
2070,众和退,4.12
2071,长城退,1.63
2072,凯瑞德,25.98
2073,软控股份,66.92
2075,沙钢股份,100.04
2076,*ST星光,24.08
2077,大港股份,101.15
2079,苏州固锝,102.62
2082,ST万邦,121.99
2083,孚日股份,104.95
2084,海鸥住工,24.3
2086,东方海洋,30.68
2087,新纺退,1.31
2088,鲁阳节能,49.56
2089,新海退,2.85
2090,金智科技,45.11
2091,江苏国泰,147.83
2092,中泰化学,147.06
2093,国脉科技,85.84
2094,青岛金王,41.29
2095,生 意 宝,41.08
2096,易普力,137.56
2097,山河智能,108.12
2098,浔兴股份,30.79
2099,海翔药业,98.54
2100,天康生物,102.67
2101,广东鸿图,65.16
2102,ST能特,56.71
2103,广博股份,31.09
2104,恒宝股份,86.42
2105,信隆健康,24.38
2106,莱宝高科,77.54
2107,沃华医药,41.48
2108,沧州明珠,100.83
2109,ST兴化,40.07
2110,三钢闽光,83.8
2111,威海广泰,55.72
2112,三变科技,57.61
2113,*ST天润,4.0
2114,罗平锌电,29.88
2115,三维通信,112.83
2116,中国海诚,44.53
2117,东港股份,53.66
2118,*ST紫鑫,4.74
2119,康强电子,85.68
2121,科陆电子,98.61
2122,ST汇洲,57.25
2123,梦网科技,69.53
2124,天邦食品,55.42
2125,湘潭电化,94.55
2127,南极电商,60.84
2132,恒星科技,79.47
2133,广宇集团,25.25
2134,天津普林,73.45
2135,东南网架,96.24
2136,安 纳 达,32.75
2137,实益达,33.94
2139,拓邦股份,117.5
2140,东华科技,79.89
2141,贤丰控股,38.12
2143,印纪退,2.82
2144,宏达高科,18.9
2146,荣盛发展,53.59
2147,新光退,1.98
2148,北纬科技,36.53
2150,正泰电源,103.48
2154,报 喜 鸟,55.33
2159,三特索道,21.52
2160,常铝股份,49.68
2161,远 望 谷,51.85
2162,悦心健康,40.14
2163,海南发展,97.95
2164,宁波东力,65.2
2165,红 宝 丽,62.79
2166,莱茵生物,67.14
2167,东方锆业,101.9
2168,ST惠程,32.07
2169,智光电气,102.88
2170,芭田股份,105.08
2172,澳洋健康,28.69
2173,创新医疗,99.75
2174,游族网络,107.13
2175,*ST东智,34.73
2177,御银股份,51.77
2178,延华智能,40.71
2182,宝武镁业,140.73
2184,海得控制,29.28
2186,全 聚 德,32.34
2187,广百股份,42.26
2188,中天服务,18.27
2189,中光学,61.89
2190,成飞集成,119.1
2191,劲嘉股份,57.19
2193,ST如意,13.9
2194,武汉凡谷,64.32
2196,方正电机,70.82
2197,证通电子,43.84
2198,ST嘉应,23.14
2199,*ST东晶,30.6
2200,*ST交投,15.33
2201,九鼎新材,84.95
2204,大连重工,125.15
2205,国统股份,25.8
2206,海 利 得,62.78
2207,*ST准油,22.87
2208,合肥城建,131.38
2209,达 意 隆,22.04
2210,飞马国际,83.64
2211,ST宏达,16.43
2212,天融信,86.58
2213,大为股份,89.91
2214,*ST大立,90.56
2215,诺 普 信,83.43
2216,三全食品,89.03
2218,拓日新能,80.62
2219,新里程,76.56
2220,天宝退,1.72
2221,东华能源,112.34
2224,三 力 士,34.03
2225,濮耐股份,43.35
2226,江南化工,145.16
2227,*ST特迅,22.77
2228,合兴包装,46.68
2229,鸿博股份,85.81
2231,*ST奥维,1.85
2232,启明信息,72.8
2233,塔牌集团,104.19
2234,民和股份,24.75
2235,安妮股份,66.43
2238,天威视讯,58.27
2239,奥特佳,76.18
2242,九阳股份,82.8
2243,力合科创,102.23
2246,北化股份,124.74
2247,聚力文化,18.66
2248,华东数控,41.54
2250,联化科技,144.99
2251,步步高,86.31
2253,*ST智胜,24.86
2254,泰和新材,112.54
2255,海陆重工,71.33
2256,兆新股份,103.49
2258,利尔化学,99.09
2259,升达林业,43.18
2260,德奥退,2.36
2263,大东南,77.76
2264,新 华 都,55.53
2267,陕天然气,87.19
2268,电科网安,135.33
2269,美邦服饰,38.67
2272,川润股份,79.14
2274,华昌化工,58.15
2275,桂林三金,80.61
2276,万马股份,137.97
2277,友阿股份,85.04
2278,神开股份,35.97
2279,久其软件,61.82
2280,ST联络,7.42
2282,博深股份,34.49
2283,天润工业,116.33
2284,亚太股份,97.31
2285,世联行,65.97
2286,保龄宝,36.71
2287,奇正藏药,129.32
2288,*ST超华,2.98
2289,*ST宇顺,128.08
2291,遥望科技,58.14
2292,奥飞娱乐,81.94
2293,罗莱生活,96.21
2295,精艺股份,29.38
2296,辉煌科技,41.37
2297,博云新材,138.12
2298,中电鑫龙,73.94
2300,太阳电缆,77.07
2301,齐心集团,54.06
2302,西部建设,71.95
2303,美盈森,34.71
2305,*ST南置,41.27
2306,*ST云网,18.72
2307,北新路桥,54.92
2308,*ST威创,3.33
2309,中利集团,112.61
2310,东方新能,134.56
2313,日海智能,37.55
2314,南山控股,33.32
2315,焦点科技,82.71
2316,亚联发展,19.22
2319,乐通股份,23.46
2321,华英农业,43.96
2322,理工能科,41.92
2323,*ST雅博,27.35
2324,普利特,119.39
2325,*ST洪涛,5.44
2327,富安娜,37.02
2328,新朋股份,61.07
2329,皇氏集团,30.04
2330,得利斯,28.9
2331,皖通科技,39.98
2332,仙琚制药,86.84
2333,罗普斯金,35.46
2334,英威腾,66.74
2336,人乐退,1.58
2337,赛象科技,35.87
2339,积成电子,48.45
2341,ST新纶,7.02
2343,慈文传媒,28.75
2344,海宁皮城,57.4
2345,潮宏基,87.16
2346,柘中股份,79.87
2347,泰尔股份,41.44
2348,高乐股份,114.93
2349,精华制药,60.74
2350,北京科锐,88.28
2351,漫步者,56.8
2354,天娱数科,104.86
2355,兴民智通,40.43
2356,赫美集团,43.53
2357,富临运业,39.75
2358,森源电气,72.06
2359,北讯退,2.91
2360,ST同德,20.51
2362,汉王科技,39.17
2363,隆基机械,35.13
2365,永安药业,33.7
2366,融发核电,141.18
2367,康力电梯,49.5
2368,太极股份,105.56
2369,卓翼科技,41.45
2370,亚太药业,48.84
2373,千方科技,122.74
2374,中锐股份,34.29
2375,亚厦股份,60.03
2376,新北洋,57.3
2377,国创高新,30.97
2380,科远智慧,50.2
2381,双箭股份,21.15
2382,蓝帆医疗,72.21
2383,合众思壮,70.85
2385,大北农,133.9
2386,天原股份,85.5
2387,维信诺,116.76
2388,新亚制程,27.69
2390,信邦制药,63.62
2391,长青股份,29.66
2392,北京利尔,122.82
2393,力生制药,49.18
2394,联发股份,40.87
2395,双象股份,53.56
2397,梦洁股份,37.58
2398,垒知集团,30.54
2399,海普瑞,132.2
2401,中远海科,56.19
2403,爱仕达,33.73
2404,嘉欣丝绸,31.84
2406,远东传动,48.36
2411,必康退,9.5
2412,汉森制药,35.7
2417,深南退,1.06
2418,康盛股份,70.8
2419,天虹股份,61.71
2420,毅昌科技,27.77
2421,达实智能,59.1
2424,ST百灵,59.81
2425,凯撒文化,32.57
2426,胜利精密,132.36
2427,尤夫股份,55.53
2431,ST棕榈,32.26
2433,太安退,2.01
2434,万里扬,102.15
2435,ST长康,4.45
2437,誉衡药业,67.79
2438,江苏神通,81.16
2439,启明星辰,116.21
2440,闰土股份,98.04
2441,众业达,40.61
2442,龙星科技,29.86
2443,金洲管道,61.09
2445,中南文化,93.0
2446,盛路通信,94.19
2447,晨鑫退,2.71
2448,中原内配,90.79
2449,国星光电,50.1
2450,康得退,6.49
2451,摩恩电气,44.53
2452,长高电新,58.12
2453,华软科技,38.45
2454,松芝股份,59.12
2455,百川股份,66.02
2457,青龙管业,38.49
2458,益生股份,85.52
2462,嘉事堂,39.32
2464,众应退,1.36
2467,二六三,94.31
2469,三维化学,43.3
2470,金正大,96.93
2471,中超控股,115.98
2473,圣莱退,1.26
2474,榕基软件,42.68
2476,宝莫股份,36.23
2477,雏鹰退,3.37
2478,常宝股份,60.71
2479,富春环保,49.2
2480,新筑股份,49.82
2481,双塔食品,49.42
2482,广田集团,62.52
2483,润邦股份,56.57
2485,ST雪发,26.17
2486,嘉麟杰,23.38
2488,金固股份,114.64
2489,浙江永强,71.36
2490,山东墨龙,52.82
2492,恒基达鑫,30.67
2494,华斯股份,17.69
2495,佳隆股份,18.46
2496,*ST辉丰,27.76
2499,科林退,1.63
2501,*ST利源,49.65
2502,ST鼎龙,5.33
2503,*ST搜特,11.15
2504,*ST弘高,1.58
2505,鹏都农牧,22.95
2507,涪陵榨菜,141.66
2509,天茂退,3.2
2510,天汽模,67.73
2511,中顺洁柔,102.85
2512,ST达华,52.75
2513,蓝丰生化,19.05
2514,*ST宝馨,17.84
2515,金字火腿,79.77
2516,旷达科技,90.36
2519,银河电子,94.88
2520,日发精机,47.06
2521,齐峰新材,33.49
2522,浙江众成,69.96
2523,天桥起重,53.78
2524,光正眼科,22.47
2526,山东矿机,59.15
2527,新时达,71.35
2528,*ST英飞,51.04
2529,*ST海源,21.84
2530,金财互联,62.28
2533,金杯电工,88.51
2534,西子洁能,145.26
2535,林州重机,25.67
2537,海联金汇,85.47
2538,ST司特,57.24
2539,云图控股,128.31
2540,亚太科技,49.86
2541,鸿路钢构,100.72
2542,*ST中岩,32.71
2543,万和电气,54.25
2546,新联电子,68.18
2547,*ST春兴,34.25
2548,金新农,39.1
2549,凯美特气,128.92
2550,千红制药,66.45
2551,尚荣医疗,21.57
2552,宝鼎科技,123.3
2553,南方精工,55.8
2554,惠博普,46.14
2556,辉隆股份,54.75
2557,洽洽食品,111.35
2559,亚威股份,57.71
2560,通达股份,74.73
2561,徐家汇,32.37
2562,兄弟科技,47.67
2563,森马服饰,130.0
2564,天沃科技,52.82
2566,益盛药业,19.03
2567,唐人神,58.98
2568,百润股份,136.74
2569,*ST步森,23.02
2570,贝因美,55.4
2571,德力股份,35.2
2572,索菲亚,79.15
2573,清新环境,50.73
2574,明牌珠宝,30.04
2575,群兴玩具,41.37
2576,通达动力,30.7
2577,雷柏科技,48.92
2578,闽发铝业,35.48
2579,中京电子,78.29
2581,*ST未名,22.36
2582,好想你,41.38
2583,海能达,128.4
2584,西陇科学,37.85
2585,双星新材,77.86
2586,ST围海,50.57
2587,奥拓电子,38.46
2588,史丹利,89.21
2589,瑞康医药,43.02
2590,万安科技,61.57
2591,恒大高新,20.21
2592,ST八菱,20.99
2593,日上集团,29.37
2596,海南瑞泽,43.68
2597,金禾实业,134.21
2598,ST章鼓,23.32
2599,盛通股份,28.06
2604,龙力退,1.28
2605,姚记科技,68.9
2606,大连电瓷,71.34
2607,中公教育,148.01
2609,捷顺科技,39.78
2610,ST爱康,16.56
2612,朗姿股份,41.71
2613,北玻股份,32.8
2614,奥佳华,24.8
2615,哈尔斯,26.68
2616,长青集团,34.13
2618,丹邦退,6.9
2619,*ST艾格,8.02
2620,*ST瑞和,31.23
2621,*ST美吉,2.97
2622,皓宸医疗,23.44
2623,亚玛顿,47.71
2626,金达威,96.97
2627,三峡旅游,49.55
2628,成都路桥,44.32
2629,仁智股份,25.21
2630,*ST华西,21.21
2631,德尔未来,68.8
2632,道明光学,66.23
2633,申科股份,29.64
2634,*ST棒杰,23.04
2635,安洁科技,66.29
2637,赞宇科技,59.89
2638,勤上股份,62.76
2639,雪人集团,116.55
2640,跨境通,67.04
2641,公元股份,48.31
2642,荣联科技,58.55
2644,佛慈制药,41.77
2646,天佑德酒,37.88
2647,仁东控股,134.12
2649,博彦科技,57.12
2650,ST加加,92.11
2651,利君股份,56.83
2652,扬子新材,32.36
2654,万润科技,130.51
2655,共达电声,126.61
2656,*ST摩登,22.4
2657,中科金财,72.03
2658,雪迪龙,32.23
2659,凯文教育,31.11
2660,茂硕电源,30.56
2661,克明食品,27.42
2662,峰璟股份,56.4
2663,普邦股份,41.48
2664,信质集团,93.88
2665,ST航高,9.12
2666,德联集团,25.38
2667,*ST威领,62.28
2668,TCL智家,107.33
2669,康达新材,42.96
2671,龙泉股份,26.66
2672,东江环保,37.74
2674,兴业科技,38.59
2675,东诚药业,95.82
2676,顺威股份,52.27
2677,浙江美大,45.83
2678,珠江钢琴,82.95
2679,福建金森,25.65
2680,长生退,4.47
2681,奋达科技,84.27
2682,龙洲股份,34.25
2684,猛狮退,3.33
2685,华东重机,91.18
2686,亿利达,40.98
2687,乔治白,20.05
2688,金河生物,44.62
2689,ST远智,36.5
2690,美亚光电,78.51
2691,*ST冀凯,18.81
2692,远程股份,40.48
2693,*ST双成,43.4
2694,*ST顾地,20.41
2695,煌上煌,66.39
2696,百洋股份,22.19
2697,红旗连锁,57.27
2698,博实股份,122.17
2699,*ST美盛,3.73
2700,万憬能源,15.36
2701,奥瑞金,135.8
2702,海欣食品,27.43
2703,浙江世宝,106.84
2705,新宝股份,113.62
2706,良信股份,112.01
2707,众信旅游,52.76
2708,光洋股份,80.96
2711,欧浦退,3.37
2712,思美传媒,30.61
2713,*ST东易,64.76
2715,登云股份,24.15
2717,*ST岭南,23.03
2718,友邦吊顶,76.24
2719,ST麦趣,12.58
2721,金一文化,80.31
2722,物产金轮,34.55
2723,小崧股份,28.76
2724,海洋王,34.24
2725,跃岭股份,36.7
2726,ST龙大,23.83
2727,一心堂,49.94
2728,特一药业,33.26
2729,好利科技,35.3
2730,电光科技,111.84
2731,ST萃华,9.99
2732,燕塘乳业,24.94
2733,雄韬股份,104.35
2734,利民股份,75.84
2735,王子新材,42.79
2737,葵花药业,79.66
2740,*ST爱迪,1.57
2741,光华科技,95.89
2742,三圣股份,25.15
2743,富煌钢构,22.95
2745,木林森,101.41
2746,仙坛股份,44.43
2748,世龙实业,30.19
2749,国光股份,56.65
2750,龙津退,2.35
2751,易尚退,1.12
2752,昇兴股份,71.99
2753,永东股份,17.17
2757,南兴股份,87.21
2758,浙农股份,46.12
2760,凤形股份,24.89
2761,浙江建投,94.33
2762,*ST金比,19.34
2763,汇洁股份,29.39
2765,蓝黛科技,57.8
2766,索菱股份,41.38
2767,先锋电子,27.24
2768,国恩股份,107.82
2769,普路通,34.5
2770,科迪退,3.64
2771,真视通,26.0
2772,众兴菌业,59.5
2774,快意电梯,36.77
2775,文科股份,22.24
2776,*ST柏龙,2.15
2777,久远银海,64.56
2778,中晟高科,24.75
2779,中坚科技,125.43
2780,三夫户外,22.05
2781,奇信退,0.94
2782,可立克,107.61
2783,凯龙股份,40.63
2785,万里石,107.31
2786,银宝山新,39.23
2787,华源控股,64.09
2788,鹭燕医药,57.85
2789,*ST建艺,22.55
2790,瑞尔特,19.03
2791,坚朗五金,41.8
2793,罗欣药业,58.64
2795,永和智控,41.49
2796,世嘉科技,135.33
2798,帝欧水华,40.4
2799,环球印务,27.71
2800,天顺股份,26.52
2801,微光股份,38.05
2802,洪汇新材,22.23
2803,吉宏股份,64.87
2805,丰元股份,69.2
2806,华锋股份,26.2
2807,江阴银行,110.34
2808,*ST恒久,5.29
2809,红墙股份,17.85
2810,山东赫达,92.14
2811,郑中设计,37.87
2813,路畅科技,32.19
2815,崇达技术,125.59
2816,*ST和科,24.67
2817,黄山胶囊,23.38
2818,富森美,34.7
2819,东方中科,65.09
2820,桂发祥,23.34
2822,ST中装,32.39
2823,凯中精密,36.25
2824,和胜股份,62.4
2825,纳尔股份,25.69
2826,易明医药,35.5
2827,高争民爆,90.97
2828,贝肯能源,22.97
2829,星网宇达,33.9
2830,名雕股份,15.61
2832,比音勒芬,79.71
2833,弘亚数控,61.74
2835,同为股份,19.41
2836,新宏泽,29.95
2839,张家港行,109.16
2840,华统股份,89.22
2842,翔鹭钨业,97.4
2843,泰嘉股份,68.08
2845,同兴达,37.18
2846,英联股份,38.5
2847,盐津铺子,137.04
2848,*ST高斯,27.99
2849,威星智能,40.33
2852,道道全,25.09
2853,皮阿诺,37.31
2855,捷荣技术,30.88
2856,*ST美芝,19.23
2857,三晖电气,29.02
2858,力盛体育,25.19
2860,星帅尔,49.18
2861,瀛通通讯,26.28
2862,实丰文化,24.15
2863,今飞凯达,33.39
2864,盘龙药业,22.62
2866,传艺科技,45.1
2867,周大生,140.61
2868,*ST绿康,39.45
2869,金溢科技,31.87
2870,香山股份,56.2
2871,伟隆股份,30.5
2872,ST天圣,11.76
2873,新天药业,23.75
2875,安奈儿,45.28
2876,三利谱,44.82
2877,智能自控,21.74
2878,元隆雅图,46.14
2879,长缆科技,25.24
2880,卫光生物,60.12
2881,美格智能,74.68
2882,金龙羽,65.27
2883,*ST中设,14.61
2884,凌霄泵业,51.31
2885,京泉华,91.75
2886,沃特股份,51.58
2887,绿茵生态,30.0
2888,惠威科技,15.91
2889,东方嘉盛,32.91
2890,弘宇股份,27.81
2891,中宠股份,102.23
2892,科力尔,53.21
2893,京能热力,22.12
2897,意华股份,132.08
2898,*ST赛隆,8.4
2899,英派斯,48.42
2900,哈三联,18.64
2901,大博医疗,117.69
2902,铭普光磁,66.04
2903,宇环数控,51.84
2905,金逸影视,31.8
2907,华森制药,45.2
2908,德生科技,27.23
2909,集泰股份,24.88
2910,庄园牧场,19.12
2912,中新赛克,40.04
2915,中欣氟材,59.98
2917,金奥博,34.94
2918,蒙娜丽莎,29.99
2919,名臣健康,66.1
2921,联诚精密,40.86
2923,润都股份,32.96
2925,盈趣科技,148.84
2927,泰永长征,42.4
2928,华夏航空,104.3
2930,宏川智慧,67.9
2931,锋龙股份,121.72
2932,*ST明德,26.72
2933,新兴装备,36.05
2935,天奥电子,89.91
2936,郑州银行,127.93
2937,兴瑞科技,99.48
2940,昂利康,61.36
2941,新疆交建,100.34
2942,新农股份,27.13
2943,宇晶股份,119.3
2949,华阳国际,22.1
2950,奥美医疗,52.28
2951,金时科技,68.23
2952,亚世光电,36.44
2953,日丰股份,32.23
2955,鸿合科技,49.28
2956,西麦食品,68.08
2959,小熊电器,60.27
2960,青鸟智控,99.24
2961,瑞达期货,120.57
2962,五方光电,39.43
2963,豪尔赛,22.18
2965,祥鑫科技,67.2
2967,广电计量,119.84
2968,新大正,25.2
2970,锐明技术,93.14
2971,和远气体,51.8
2972,科安达,17.72
2973,侨银股份,40.12
2976,瑞玛精密,21.95
2977,*ST天箭,20.08
2978,安宁股份,115.73
2979,雷赛智能,118.45
2980,华盛昌,83.56
2981,朝阳科技,30.79
2982,湘佳股份,18.32
2983,芯瑞达,30.12
2984,森麒麟,115.16
2985,北摩高科,115.17
2986,宇新股份,41.17
2987,京北方,128.29
2988,豪美新材,82.42
2989,中天精装,57.95
2990,盛视科技,81.43
2991,甘源食品,25.08
2992,宝明科技,77.34
2993,奥海科技,127.09
2995,天地在线,25.8
2996,顺博合金,30.68
2997,瑞鹄模具,72.7
2998,优彩资源,26.59
2999,天禾股份,24.43
3000,劲仔食品,34.01
3001,中岩大地,19.27
3002,壶化股份,49.37
3003,天元股份,16.17
3004,*ST声迅,28.04
3005,竞业达,22.79
3006,百亚股份,74.53
3007,直真科技,35.48
3008,开普检测,17.98
3009,中天火箭,107.38
3010,若羽臣,65.81
3011,海象新材,18.17
3012,东鹏控股,64.21
3013,地铁设计,54.59
3015,日久光电,36.33
3016,欣贺股份,34.31
3017,大洋生物,22.09
3018,金富科技,117.41
3019,宸展光电,58.38
3020,立方制药,31.39
3023,彩虹集团,33.73
3025,思进智能,32.24
3026,中晶科技,49.94
3027,同兴科技,27.89
3028,振邦智能,20.08
3029,吉大正元,38.02
3030,祖名股份,19.41
3032,*ST传智,20.11
3033,征和工业,44.12
3036,泰坦股份,94.12
3037,三和管桩,42.41
3038,鑫铂股份,23.16
3039,顺控发展,89.29
3040,楚天龙,68.25
3041,真爱美家,89.84
3042,中农联合,20.95
3043,华亚智能,50.16
300004,南风股份,77.85
300005,探路者,138.59
300006,莱美药业,68.1
300007,汉威科技,129.22
300008,天海防务,129.31
300009,安科生物,109.62
300010,ST豆神,53.23
300011,鼎汉技术,36.37
300013,新宁物流,20.79
300016,北陆药业,52.62
300018,中元股份,50.57
300019,硅宝科技,66.83
300020,ST银江,24.99
300021,大禹节水,38.87
300022,吉峰科技,43.89
300023,宝德退,2.81
300025,华星创业,29.74
300026,红日药业,102.05
300027,ST华谊,50.56
300028,金亚退,1.03
300029,*ST天龙,5.55
300030,阳普医疗,22.68
300031,宝通科技,83.93
300032,金龙机电,41.52
300035,中科电气,117.37
300036,超图软件,66.69
300038,数知退,3.49
300039,上海凯宝,53.0
300040,九洲集团,40.77
300041,回天新材,64.75
300042,朗科科技,130.45
300043,星辉娱乐,70.38
300044,*ST赛为,50.15
300045,华力创通,119.73
300046,台基股份,78.74
300047,天源迪科,72.66
300048,合康新能,71.54
300049,福瑞医科,130.91
300050,世纪鼎利,42.25
300051,琏升科技,60.33
300052,中青宝,38.81
300053,航宇微,127.95
300055,万邦达,69.8
300056,中创环保,44.14
300057,万顺新材,73.76
300060,无效恒久,38.87
300061,旗天科技,61.03
300062,中能电气,38.46
300063,天龙集团,78.69
300064,金刚退,9.19
300066,三川智慧,63.28
300067,安诺其,66.36
300068,ST南都,44.99
300069,金利华电,35.8
300070,碧水源,132.93
300071,福石控股,46.79
300072,海新能科,103.51
300074,华平股份,24.47
300075,数字政通,74.22
300076,*ST宁视,20.99
300077,国民技术,141.75
300078,思创智联,44.65
300079,数码视讯,76.25
300080,易成新能,83.06
300081,ST恒信,24.79
300082,奥克股份,80.65
300084,海默科技,47.12
300086,康芝药业,33.4
300087,荃银高科,75.52
300089,文化退,0.77
300090,盛运退,1.54
300091,*ST金灵,50.86
300092,科新机电,35.22
300093,*ST金刚,50.88
300094,国联水产,34.6
300095,华伍股份,35.45
300096,ST易联众,41.07
300097,智云股份,30.97
300098,高新兴,95.74
300099,尤洛卡,55.11
300101,振芯科技,118.52
300103,达刚控股,28.02
300104,乐视退,7.14
300105,龙源技术,35.1
300106,西部牧业,28.64
300107,建新股份,24.87
300108,*ST吉药,1.37
300109,新开源,88.38
300110,华仁药业,36.14
300111,向日葵,52.13
300112,万讯自控,20.13
300113,顺网科技,147.82
300116,*ST保力,4.51
300117,*ST嘉寓,3.08
300119,瑞普生物,59.21
300120,经纬辉开,39.82
300121,阳谷华泰,53.58
300123,ST亚光,50.1
300125,*ST聆达,37.85
300126,锐奇股份,17.34
300127,银河磁体,74.25
300128,锦富技术,94.59
300129,泰胜风能,91.71
300130,新国都,99.25
300132,青松股份,43.14
300134,大富科技,90.03
300135,宝利国际,36.31
300137,先河环保,97.53
300138,晨光生物,44.21
300139,晓程科技,132.02
300140,节能环境,67.63
300141,和顺电气,34.12
300143,盈康生命,73.55
300145,南方泵业,97.83
300146,汤臣倍健,118.23
300147,*ST香雪,71.52
300148,天舟文化,34.27
300149,睿智医药,46.98
300150,世纪瑞尔,23.41
300151,昌红科技,73.07
300152,*ST动力,13.26
300153,科泰电源,97.31
300154,瑞凌股份,32.27
300155,安居宝,17.33
300156,神雾退,0.87
300157,新锦动力,38.43
300158,振东制药,57.41
300159,*ST新研,74.56
300160,秀强股份,39.33
300161,华中数控,74.55
300162,雷曼光电,32.51
300163,先锋新材,21.55
300164,通源石油,74.07
300165,天瑞仪器,31.71
300167,ST迪威迅,21.49
300168,万达信息,84.05
300169,天晟新材,19.52
300171,东富龙,73.43
300172,中电环保,28.34
300173,ST福能,30.2
300174,元力股份,64.64
300175,ST朗源,31.07
300176,鸿特科技,26.1
300177,中海达,52.26
300178,腾邦退,1.18
300179,四方达,102.1
300180,华峰超纤,90.94
300181,佐力药业,91.28
300182,捷成股份,135.34
300183,东软载波,50.57
300185,通裕重工,126.92
300187,永清环保,37.29
300188,国投智能,109.51
300189,神农种业,53.8
300190,维尔利,39.09
300191,潜能恒信,80.85
300192,科德教育,64.6
300193,佳士科技,36.28
300194,福安药业,39.7
300195,长荣股份,21.41
300196,长海股份,53.9
300197,节能铁汉,49.82
300198,*ST纳川,24.32
300199,翰宇药业,149.93
300200,高盟新材,44.93
300201,海伦哲,138.81
300202,聚龙退,2.27
300203,聚光科技,62.95
300204,舒泰神,126.49
300205,*ST天喻,25.72
300206,理邦仪器,50.11
300208,中程退,1.92
300210,森远股份,48.62
300211,*ST亿通,27.52
300212,*ST易录,44.08
300213,佳讯飞鸿,46.5
300214,日科化学,41.42
300215,电科院,70.94
300216,千山退,0.55
300217,东方电热,67.91
300218,安利股份,32.25
300219,鸿利智汇,56.32
300220,金运激光,22.0
300221,银禧科技,52.16
300222,科大智能,79.8
300224,正海磁材,125.27
300225,*ST金泰,32.62
300226,上海钢联,78.21
300227,光韵达,52.18
300228,富瑞特装,55.5
300230,永利股份,31.87
300231,银信科技,49.76
300232,洲明科技,56.59
300233,金城医药,59.06
300234,开尔新材,27.31
300235,方直科技,29.21
300237,ST美晨,33.6
300238,冠昊生物,37.44
300239,东宝生物,32.26
300240,飞力达,24.53
300241,瑞丰光电,42.8
300242,佳云科技,31.16
300243,瑞丰高材,38.0
300244,迪安诊断,101.45
300245,ST天玑,23.1
300246,宝莱特,42.54
300247,融捷健康,37.1
300248,新开普,40.41
300249,依米康,70.41
300250,初灵信息,31.72
300252,金信诺,96.45
300254,仟源医药,32.42
300256,星星科技,76.28
300258,精锻科技,76.82
300259,新天科技,51.69
300261,雅本化学,55.53
300262,*ST巴安,4.54
300263,隆华科技,109.06
300264,佳创视讯,37.85
300265,通光线缆,108.51
300266,兴源环境,33.55
300267,尔康制药,68.84
300268,*ST佳沃,19.05
300269,联建光电,32.75
300270,中威电子,38.44
300271,华宇软件,52.19
300272,开能健康,34.28
300273,和佳退,2.46
300275,梅安森,30.21
300276,三丰智能,76.75
300277,汽轮科技,135.11
300278,华昌达,69.2
300279,和晶科技,37.15
300280,紫天退,0.53
300281,金明精机,29.64
300282,三盛退,0.49
300283,温州宏丰,63.71
300284,苏交科,80.32
300286,安科瑞,53.07
300287,飞利信,65.12
300288,朗玛信息,31.79
300289,利德曼,36.45
300290,荣科科技,101.69
300291,百纳千成,58.77
300292,吴通控股,78.56
300293,蓝英装备,66.0
300294,博雅生物,88.09
300295,*ST三六五,21.82
300297,蓝盾退,2.87
300298,三诺生物,76.66
300299,富春股份,42.66
300300,海峡创新,89.55
300301,ST长方,28.36
300303,聚飞光电,147.21
300304,云意电气,111.09
300305,裕兴股份,21.67
300306,远方信息,20.11
300307,慈星股份,56.81
300309,吉艾退,1.95
300310,宜通世纪,43.97
300311,ST任子行,30.42
300312,邦讯退,0.72
300313,*ST天山,17.74
300314,戴维医疗,16.65
300315,掌趣科技,128.6
300317,珈伟新能,47.99
300318,博晖创新,44.93
300319,麦捷科技,113.77
300320,海达股份,46.88
300321,同大股份,40.77
300322,硕贝德,142.26
300324,旋极信息,87.72
300325,德威退,2.49
300326,ST凯利,50.74
300327,中颖电子,94.07
300328,宜安科技,121.95
300329,海伦钢琴,35.07
300330,计通退,4.11
300331,苏大维格,126.13
300332,天壕能源,45.32
300333,兆日科技,35.99
300334,津膜科技,25.4
300335,迪森股份,26.7
300336,新文退,1.85
300337,银邦股份,102.3
300338,*ST开元,12.28
300340,科恒股份,30.74
300341,麦克奥迪,79.68
300343,ST联创,75.7
300344,立方退,1.6
300345,华民股份,34.15
300348,长亮科技,85.12
300349,金卡智能,52.39
300350,华鹏飞,24.95
300351,永贵电器,68.51
300352,ST信源,46.71
300353,东土科技,105.64
300354,东华测试,30.76
300355,蒙草生态,49.87
300356,光一退,6.79
300357,我武生物,123.11
300358,楚天科技,67.96
300359,全通教育,30.59
300360,炬华科技,73.69
300362,天翔退,5.27
300363,博腾股份,105.01
300365,恒华科技,31.32
300366,ST创意,30.45
300367,网力退,3.22
300368,汇金股份,65.54
300369,绿盟科技,60.82
300370,安控科技,40.6
300371,汇中股份,18.9
300372,欣泰退,1.46
300374,中铁装配,34.18
300375,鹏翎股份,26.04
300376,易事特,139.65
300377,赢时胜,122.98
300378,鼎捷数智,113.68
300379,东通退,9.06
300380,安硕信息,47.16
300381,溢多利,36.31
300382,斯莱克,105.68
300384,三联虹普,31.21
300385,ST雪浪,46.54
300386,飞天诚信,32.65
300387,富邦科技,25.95
300388,节能国祯,57.96
300389,艾比森,34.91
300391,长药退,0.67
300392,腾信退,0.62
300393,中来股份,117.48
300396,ST迪瑞,22.6
300397,天和防务,56.12
300399,天利科技,45.84
300400,劲拓股份,75.69
300401,花园生物,77.67
300402,宝色股份,46.12
300403,汉宇集团,49.45
300404,博济医药,30.88
300405,科隆股份,15.65
300406,九强生物,56.73
300407,凯发电气,35.42
300410,正业科技,37.41
300411,金盾股份,31.53
300412,迦南科技,24.24
300414,中光防雷,43.9
300415,伊之密,122.65
300416,苏试试验,86.3
300417,南华仪器,12.84
300419,ST浩丰,26.63
300420,五洋自控,47.22
300421,力星股份,60.89
300422,博世科,30.17
300423,昇辉科技,26.62
300424,航新科技,47.83
300425,中建环能,32.81
300426,华智数媒,28.24
300427,红相股份,59.0
300428,立中集团,132.0
300429,强力新材,59.55
300430,*ST益通,17.7
300431,暴风退,0.69
300434,金石亚药,39.45
300435,中泰股份,81.69
300437,清水源,28.37
300439,美康生物,30.08
300440,运达科技,78.98
300441,鲍斯股份,43.82
300443,金雷股份,73.75
300444,双杰电气,108.75
300445,康斯特,33.44
300446,航天智造,71.95
300447,全信股份,41.8
300448,浩云科技,52.56
300449,汉邦高科,44.28
300451,创业慧康,67.33
300452,山河药辅,27.77
300453,三鑫医疗,37.17
300459,汤姆猫,140.03
300460,ST惠伦,30.16
300461,田中精机,77.14
300462,ST华铭,18.99
300463,迈克生物,53.33
300464,星徽股份,29.96
300465,高伟达,67.89
300466,赛摩智能,40.94
300467,迅游科技,67.99
300470,中密控股,66.3
300471,厚普股份,43.25
300472,*ST新元,21.79
300473,德尔股份,50.95
300477,ST合纵,31.12
300478,杭州高新,47.68
300479,神思电子,33.54
300480,光力科技,102.63
300481,濮阳惠成,42.7
300482,万孚生物,83.73
300483,首华燃气,80.3
300484,蓝海华腾,27.58
300485,赛升药业,28.92
300486,东杰智能,109.38
300488,恒锋工具,62.44
300490,华自科技,78.18
300491,通合科技,44.71
300492,华图山鼎,97.57
300493,润欣科技,84.81
300494,盛天网络,44.26
300495,*ST美尚,0.88
300497,富祥药业,78.74
300499,高澜股份,118.71
300500,启迪设计,20.56
300501,海顺新材,21.44
300504,天邑股份,40.66
300505,川金诺,54.99
300506,ST名家汇,36.81
300507,苏奥传感,70.76
300508,维宏股份,31.69
300509,新美星,28.17
300510,金冠股份,35.05
300511,雪榕生物,39.59
300512,中亚股份,30.22
300513,恒实科技,26.45
300514,友讯达,20.19
300515,三德科技,34.92
300516,久之洋,100.13
300517,海波重科,15.36
300518,新迅达,57.84
300519,新光药业,18.51
300520,科大国创,105.55
300521,爱司凯,44.27
300522,世名科技,35.57
300523,辰安科技,49.5
300525,博思软件,62.71
300526,中潜退,1.07
300527,ST应急,81.54
300528,幸福蓝海,58.35
300529,健帆生物,102.14
300530,领湃科技,42.15
300531,优博讯,64.38
300532,今天国际,48.62
300533,冰川网络,45.43
300534,陇神戎发,27.31
300535,达威股份,15.26
300536,农尚环境,38.86
300537,广信材料,39.87
300538,同益股份,20.08
300539,横河精密,73.99
300540,蜀道装备,62.14
300541,先进数通,49.0
300542,新晨科技,40.16
300543,朗科智能,24.09
300545,联得装备,41.56
300546,雄帝科技,29.97
300547,川环科技,72.68
300549,优德精密,18.71
300550,和仁科技,34.49
300551,古鳌科技,52.32
300552,万集科技,38.86
300553,集智股份,46.62
300554,三超新材,21.57
300555,ST路通,28.95
300556,丝路视觉,22.29
300557,理工光科,46.92
300559,佳发教育,38.21
300560,中富通,31.65
300561,*ST汇科,44.93
300562,乐心医疗,23.04
300563,神宇股份,43.1
300564,筑博设计,19.53
300565,科信技术,30.15
300566,激智科技,46.11
300569,天能重工,63.52
300571,平治信息,66.36
300572,安车检测,63.81
300573,兴齐眼药,128.06
300575,中旗股份,23.06
300576,容大感光,91.52
300577,开润股份,29.4
300578,会畅科技,42.46
300579,数字认证,70.9
300580,贝斯特,136.91
300581,晨曦航空,73.71
300582,英飞特,34.7
300583,赛托生物,28.7
300584,海辰药业,33.3
300585,奥联电子,37.1
300586,美联新材,64.15
300587,天铁科技,66.74
300588,熙菱信息,39.59
300589,江龙船艇,38.28
300590,移为通信,54.46
300591,万里马,29.65
300592,华凯易佰,51.56
300593,新雷能,130.17
300594,ST朗进,18.26
300595,欧普康视,93.92
300596,利安隆,100.73
300597,吉大通信,26.92
300598,诚迈科技,83.15
300599,雄塑科技,39.69
300600,国瑞科技,37.31
300601,康泰生物,135.06
300602,飞荣达,145.11
300603,立昂技术,39.64
300605,恒锋信息,16.32
300606,金太阳,45.42
300607,拓斯达,111.81
300608,思特奇,38.59
300609,汇纳科技,51.1
300610,晨化股份,20.53
300611,美力科技,36.88
300612,宣亚国际,27.45
300613,富瀚微,133.14
300614,百川畅银,21.88
300615,欣天科技,21.65
300616,尚品宅配,25.77
300617,安靠智电,91.62
300618,寒锐钴业,119.22
300619,金银河,71.88
300621,维业股份,18.21
300622,博士眼镜,39.22
300624,万兴科技,117.52
300625,三雄极光,19.37
300626,华瑞股份,60.5
300629,新劲刚,56.95
300630,普利退,3.99
300631,久吾高科,36.21
300632,光莆股份,62.95
300633,开立医疗,62.95
300634,彩讯股份,104.66
300635,中达安,18.25
300636,同和药业,27.99
300637,扬帆新材,25.75
300638,广和通,124.23
300639,凯普生物,43.83
300640,德艺文创,18.21
300641,正丹股份,89.29
300642,透景生命,22.64
300643,万通智控,42.78
300644,南京聚隆,25.63
300645,正元智慧,22.99
300647,超频三,31.69
300648,星云股份,65.22
300649,杭州园林,22.21
300650,太龙股份,28.38
300651,金陵体育,33.36
300652,雷迪克,56.09
300653,正海生物,32.56
300654,世纪天鸿,41.22
300656,民德电子,39.91
300658,延江股份,46.89
300659,中孚信息,24.64
300662,科锐国际,48.57
300663,科蓝软件,44.86
300664,鹏鹞环保,41.46
300665,飞鹿股份,20.06
300667,必创科技,36.24
300668,杰恩股份,67.57
300669,沪宁股份,60.48
300670,大烨智能,16.09
300671,富满微,116.57
300673,佩蒂股份,25.41
300674,宇信科技,133.78
300675,建科院,24.17
300678,中科信息,86.95
300680,隆盛科技,75.36
300681,英搏尔,75.7
300683,海特生物,46.91
300684,中石科技,129.34
300685,艾德生物,79.47
300686,智动力,46.34
300687,赛意信息,103.92
300688,创业黑马,40.4
300689,澄天伟业,59.78
300690,双一科技,32.54
300691,联合光电,37.88
300692,中赋科技,43.87
300694,蠡湖股份,27.1
300695,兆丰股份,72.87
300696,爱乐达,114.67
300697,电工合金,56.84
300698,万马科技,45.92
300700,岱勒新材,52.09
300701,森霸传感,29.94
300702,天宇股份,42.76
300703,创源股份,30.86
300705,九典制药,47.48
300706,阿石创,54.54
300707,威唐工业,22.19
300708,聚灿光电,66.53
300709,精研科技,67.37
300710,万隆光电,24.42
300711,广哈通信,52.96
300712,永福股份,49.82
300713,英可瑞,15.62
300715,凯伦股份,48.2
300716,*ST泉为,26.69
300717,华信新材,22.23
300719,安达维尔,27.46
300720,海川智能,144.24
300721,怡达股份,29.54
300722,新余国科,78.88
300725,药石科技,81.49
300726,宏达电子,118.93
300727,润禾材料,55.2
300729,乐歌股份,40.98
300730,科创信息,31.18
300731,科创新源,94.92
300732,设研院,28.72
300733,西菱动力,45.01
300736,百邦科技,56.46
300737,科顺股份,68.82
300739,明阳电路,103.98
300740,水羊股份,97.62
300741,华宝股份,102.17
300742,越博退,0.21
300743,天地数码,25.06
300745,欣锐科技,64.94
300746,汉嘉数智,30.11
300749,顶固集创,40.01
300752,隆利科技,31.66
300753,爱朋医疗,25.16
300755,华致酒行,63.15
300756,金马游乐,68.5
300758,七彩化学,50.15
300761,立华股份,131.38
300766,每日互动,109.99
300767,震安科技,58.65
300768,迪普科技,74.67
300770,新媒股份,88.49
300771,智莱科技,25.39
300772,运达股份,115.78
300774,倍杰特,33.58
300778,新城市,28.28
300779,惠城环保,114.23
300780,德恩精工,33.82
300781,因赛集团,44.22
300783,三只松鼠,53.76
300784,利安科技,8.87
300785,值得买,66.5
300786,国林科技,25.22
300787,海能实业,21.64
300788,中信出版,66.59
300789,唐源电气,32.88
300790,宇瞳光学,112.35
300791,仙乐健康,46.9
300792,壹网壹创,77.23
300793,佳禾智能,53.47
300795,米奥会展,18.88
300796,贝斯美,31.13
300797,钢研纳克,59.76
300798,锦鸡股份,43.17
300799,左江退,0.73
300800,力合科技,29.71
300801,泰和科技,41.28
300802,矩子科技,42.6
300804,广康生化,13.55
300805,电声股份,30.1
300807,天迈科技,28.9
300808,久量股份,33.29
300809,华辰装备,53.62
300810,中科海讯,37.54
300812,易天股份,35.73
300813,泰林生物,18.84
300815,玉禾田,84.17
300816,艾可蓝,48.79
300817,双飞集团,26.07
300818,耐普矿机,34.33
300819,聚杰微纤,111.73
300820,英杰电气,61.17
300822,贝仕达克,43.87
300823,建科智能,16.41
300824,北鼎股份,30.92
300825,阿尔特,51.11
300826,测绘股份,28.9
300828,锐新科技,21.58
300829,金丹科技,30.99
300830,金现代,37.32
300831,派瑞股份,38.24
300833,浩洋股份,30.93
300834,星辉环材,89.98
300835,龙磁科技,102.26
300836,佰奥智能,44.54
300837,浙矿股份,25.53
300838,浙江力诺,18.82
300839,博汇股份,49.57
300840,酷特智能,43.03
300841,康华生物,70.19
300842,帝科股份,122.88
300843,胜蓝股份,144.87
300844,山水比德,31.15
300845,捷安高科,23.78
300846,首都在线,123.13
300847,中船汉光,48.1
300848,美瑞新材,41.99
300849,锦盛新材,28.25
300850,新强联,120.71
300851,交大思诺,15.99
300852,四会富仕,79.73
300853,申昊科技,34.14
300854,中兰环保,27.64
300855,图南股份,113.87
300856,科思股份,66.11
300858,科拓生物,35.82
300859,西域旅游,45.76
300860,锋尚文化,28.16
300861,美畅股份,87.33
300862,蓝盾光电,41.78
300863,卡倍亿,123.05
300864,南大环境,38.18
300865,大宏立,18.6
300867,圣元环保,43.44
300868,杰美特,77.59
300869,康泰医学,34.23
300871,回盛生物,50.49
300872,天阳科技,88.25
300873,海晨股份,34.7
300875,捷强装备,36.06
300876,蒙泰高新,24.57
300877,金春股份,40.7
300878,维康药业,43.64
300879,大叶股份,47.16
300880,迦南智能,49.56
300881,盛德鑫泰,29.1
300882,万胜智能,50.26
300883,龙利得,24.17
300884,狄耐克,25.34
300885,海昌新材,48.2
300886,华业香料,12.93
300887,谱尼测试,36.65
300889,爱克股份,33.87
300890,翔丰华,44.2
300891,惠云钛业,28.35
300892,品渥食品,17.48
300893,松原安全,59.25
300894,火星人,30.64
300895,铜牛信息,96.73
300897,山科智能,23.01
300898,熊猫乳品,27.85
300899,*ST凯鑫,15.41
300900,广联航空,121.77
300901,中胤时尚,44.9
300902,国安达,22.74
300904,威力传动,13.41
300905,宝丽迪,108.92
300906,日月明,25.58
300907,康平科技,31.11
300908,仲景食品,34.85
300909,汇创达,60.95
300910,瑞丰新材,97.67
300911,亿田智能,61.15
300912,凯龙高科,26.34
300913,兆龙互连,149.86
300915,海融科技,14.41
300916,朗特智能,36.36
300917,特发服务,59.93
300918,南山智尚,77.13
300920,润阳科技,28.5
300921,南凌科技,31.97
300922,天秦装备,23.9
300923,研奥股份,21.88
300925,法本信息,65.36
300926,博俊科技,67.14
300927,江天化学,39.51
300928,华安鑫创,18.68
300929,华骐环保,17.73
300930,屹通新材,15.56
300931,通用电梯,32.17
300932,三友联众,34.09
300933,中辰股份,47.71
300935,盈建科,20.36
300936,中英科技,40.57
300937,药易购,17.34
300938,信测标准,129.56
300939,秋田微,54.62
300940,南极光,31.62
300941,创识科技,22.29
300942,易瑞生物,31.27
300943,春晖智控,48.47
300945,曼卡龙,36.4
300946,恒而达,39.53
300947,德必集团,26.76
300948,冠中生态,33.84
300949,奥雅股份,14.11
300950,德固特,21.87
300951,博硕科技,52.94
300952,恒辉安防,38.6
300955,嘉亨家化,43.57
300956,英力股份,32.91
300958,建工修复,13.09
300959,线上线下,58.34
300960,通业科技,28.1
300961,深水海纳,21.83
300962,中金辐照,39.52
300963,中洲特材,58.82
300964,本川智能,44.72
300965,恒宇信通,35.7
300966,共同药业,21.04
300967,晓鸣股份,22.44
300968,格林精密,54.32
300969,恒帅股份,82.52
300970,华绿生物,32.62
300971,博亚精工,23.23
300973,立高食品,34.64
300975,商络电子,111.26
300976,达瑞电子,59.65
300977,深圳瑞捷,20.9
300978,东箭科技,31.15
300980,祥源新材,32.55
300981,中红医疗,60.52
300982,苏文电能,45.57
300983,尤安设计,73.29
300984,金沃股份,61.61
300985,致远新能,42.64
300986,志特新材,95.75
300987,川网传媒,29.87
300988,津荣天宇,32.83
300989,蕾奥规划,25.75
300990,同飞股份,71.15
300991,创益通,48.78
300992,泰福泵业,23.59
300993,玉马科技,30.16
300994,久祺股份,16.64
300995,奇德新材,20.83
300996,普联软件,42.38
300997,欢乐家,75.57
300998,宁波方正,30.52
301000,肇民科技,82.15
301001,凯淳股份,15.29
301002,崧盛股份,46.21
301003,江苏博云,42.58
301004,嘉益股份,57.52
301006,迈拓股份,14.84
301007,德迈仕,61.29
301008,宏昌科技,36.53
301009,可靠股份,16.64
301010,晶雪节能,24.28
301011,华立科技,29.18
301012,扬电科技,72.36
301013,利和兴,54.09
301015,百洋医药,125.14
301016,雷尔伟,52.92
301017,漱玉平民,36.04
301019,宁波色母,24.19
301020,密封科技,34.32
301021,英诺激光,98.66
301022,海泰科,20.67
301023,奕帆传动,18.99
301024,霍普股份,28.57
301025,读客文化,31.65
301026,浩通科技,36.7
301027,华蓝集团,29.93
301028,鼎熔岩,43.85
301029,怡合达,135.28
301030,*ST仕净,23.3
301031,中熔电气,123.48
301032,新柴股份,20.99
301033,迈普医学,32.35
301036,双乐股份,20.2
301037,保立佳,11.66
301038,深水规院,46.36
301039,中集车辆,124.33
301040,中环海陆,31.39
301041,金百泽,24.83
301042,安联锐视,66.68
301043,绿岛风,32.97
301045,天禄科技,35.9
301046,能辉科技,36.7
301047,义翘神州,87.41
301048,金鹰重工,58.93
301049,超越科技,10.76
301050,雷电微力,88.56
301051,信濠光电,41.32
301052,果麦文化,26.22
301053,远信工业,53.9
301055,张小泉,54.58
301056,森赫股份,27.42
301057,汇隆新材,26.59
301058,中粮科工,51.43
301059,金三江,33.7
301060,兰卫医学,39.15
301061,匠心家居,36.65
301062,上海艾录,25.59
301063,海锅股份,22.58
301065,本立科技,20.62
301066,万事利,38.77
301067,显盈科技,20.1
301068,大地海洋,34.3
301069,凯盛新材,97.26
301070,开勒股份,65.49
301071,力量钻石,105.91
301072,中捷精工,16.93
301073,君亭酒店,42.95
301075,多瑞医药,64.31
301076,新瀚新材,47.64
301077,星华新材,29.92
301078,孩子王,109.44
301079,邵阳液压,35.57
301080,百普赛斯,56.03
301081,严牌股份,37.39
301082,久盛电气,34.25
301083,百胜智能,15.08
301085,亚康股份,44.95
301086,鸿富瀚,101.35
301087,可孚医疗,99.52
301088,戎美股份,30.08
301089,拓新药业,26.99
301090,华润材料,129.59
301091,深城交,116.05
301092,争光股份,23.81
301096,百诚医药,52.79
301097,天益医疗,17.24
301098,金埔园林,15.42
301099,雅创电子,57.08
301100,风光股份,15.87
301101,明月镜片,68.65
301102,兆讯传媒,45.11
301103,何氏眼科,23.65
301105,鸿铭股份,9.7
301106,骏成科技,36.31
301107,瑜欣电子,16.25
301108,洁雅股份,16.89
301109,军信股份,37.01
301110,青木科技,44.59
301111,粤万年青,37.12
301112,信邦智能,40.41
301113,雅艺科技,15.09
301115,联检科技,39.76
301116,益客食品,48.09
301117,佳缘科技,36.27
301118,恒光股份,31.75
301119,正强股份,37.19
301120,新特电气,44.99
301121,紫建电子,19.44
301122,采纳股份,25.4
301123,奕东电子,124.85
301125,腾亚精工,30.41
301126,达嘉维康,16.63
301127,武汉天源,90.02
301129,瑞纳智能,18.21
301130,西点药业,19.42
301131,聚赛龙,16.75
301132,满坤科技,36.69
301133,金钟股份,53.73
301135,瑞德智能,21.43
301136,招标股份,44.4
301137,哈焊华通,79.94
301138,华研精机,22.83
301139,*ST元道,11.24
301141,中科磁业,25.44
301148,嘉戎技术,43.73
301149,隆华新材,35.81
301151,冠龙节能,29.43
301152,天力锂能,23.52
301153,中科江南,69.6
301155,海力风电,76.06
301156,美农生物,18.62
301157,华塑科技,16.49
301158,德石股份,39.01
301159,三维天地,21.61
301160,翔楼新材,46.13
301161,唯万密封,25.85
301162,国能日新,58.22
301163,宏德股份,17.57
301166,优宁维,18.05
301167,建研设计,12.62
301168,通灵股份,41.47
301169,零点有数,61.58
301170,锡南科技,10.11
301172,君逸数码,36.81
301173,毓恬冠佳,13.28
301175,中科环保,38.81
301176,逸豪新材,66.34
301177,迪阿股份,126.4
301178,天亿马,29.12
301179,泽宇智能,62.62
301180,万祥科技,30.68
301181,标榜股份,44.72
301182,凯旺科技,63.16
301183,东田微,149.08
301185,鸥玛软件,25.07
301186,超达装备,57.05
301187,欧圣电气,52.31
301188,力诺药包,88.37
301189,奥尼电子,94.95
301190,善水科技,35.86
301191,菲菱科思,81.22
301192,泰祥股份,13.05
301193,家联科技,42.01
301195,北路智控,27.87
301196,唯科科技,125.15
301197,工大科雅,44.2
301198,喜悦智行,28.4
301199,迈赫股份,16.51
301201,诚达药业,45.66
301202,朗威股份,16.15
301203,国泰环保,22.74
301206,三元生物,35.42
301207,华兰疫苗,130.94
301208,中亦科技,22.89
301209,联合化学,83.07
301210,金杨精密,18.34
301211,亨迪药业,48.44
301212,联盛化学,31.24
301213,观想科技,38.7
301215,中汽股份,83.31
301218,华是科技,23.91
301220,亚香股份,32.25
301221,光庭信息,31.67
301222,浙江恒威,39.82
301223,中荣股份,37.85
301225,恒勃股份,36.53
301226,祥明智能,45.51
301227,森鹰窗业,17.92
301228,实朴检测,73.46
301229,纽泰格,22.46
301230,泓博医药,57.14
301231,荣信文化,19.65
301232,飞沃科技,101.48
301233,盛帮股份,16.85
301234,五洲医疗,16.6
301235,华康洁净,46.5
301237,和顺科技,42.3
301239,普瑞眼科,62.0
301246,宏源药业,54.94
301248,杰创智能,98.02
301251,威尔高,36.91
301252,同星科技,21.27
301255,通力科技,11.58
301256,华融化学,67.82
301257,普蕊斯,39.23
301258,富士莱,27.16
301259,艾布鲁,40.29
301260,格力博,35.26
301261,恒工精密,35.45
301262,海看股份,29.37
301263,泰恩康,83.4
301265,华新科技,44.47
301266,宇邦新材,41.98
301267,华厦眼科,115.1
301268,铭利达,81.42
301270,汉仪股份,31.28
301272,英华特,14.99
301273,瑞晨环保,23.66
301275,汉朔科技,142.82
301276,嘉曼服饰,19.19
301277,新天地,43.36
301278,快可电子,21.0
301279,金道科技,34.26
301280,珠城科技,26.29
301281,科源制药,29.87
301282,金禄电子,52.27
301283,聚胶股份,30.38
301286,侨源股份,91.61
301287,康力源,7.61
301288,*ST清研,14.26
301289,国缆检测,43.8
301290,东星医疗,24.46
301291,明阳电气,90.94
301292,海科新源,72.27
301293,三博脑科,142.93
301295,美硕科技,14.49
301296,新巨丰,32.72
301298,东利机械,17.84
301299,卓创资讯,27.4
301300,远翔新材,16.04
301301,川宁生物,62.09
301302,华如科技,36.62
301303,真兰仪表,15.11
301305,朗坤科技,31.49
301306,西测测试,97.08
301307,美利信,63.09
301309,万得凯,21.37
301310,鑫宏业,22.3
301311,昆船智能,40.61
301312,智立方,73.78
301313,凡拓数创,30.7
301314,科瑞思,9.72
301315,威士顿,19.32
301317,鑫磊股份,36.88
301318,维海德,22.46
301319,唯特偶,90.23
301320,豪江智能,11.86
301321,翰博高新,44.11
301322,绿通科技,38.2
301323,新莱福,51.65
301325,曼恩斯特,62.51
301326,捷邦科技,134.57
301327,华宝新能,108.06
301328,维峰电子,87.35
301329,信音电子,15.77
301330,熵基科技,59.79
301331,恩威医药,27.86
301332,德尔玛,25.16
301333,诺思格,58.65
301335,天元宠物,12.57
301336,趣睡科技,16.89
301337,亚华电子,12.47
301338,凯格精机,106.17
301339,通行宝,74.24
301345,涛涛车业,90.95
301348,蓝箭电子,42.21
301349,信德新材,51.94
301353,普莱得,9.56
301355,南王科技,12.89
301356,天振股份,12.83
301357,北方长龙,111.19
301359,东南电子,16.84
301360,荣旗科技,22.46
301361,众智科技,12.6
301362,民爆光电,51.86
301363,美好医疗,127.26
301365,矩阵股份,37.68
301366,一博科技,48.41
301367,瑞迈特,47.02
301368,丰立智能,34.38
301369,联动科技,85.14
301370,国科恒泰,33.8
301371,敷尔佳,23.73
301372,科净源,15.97
301373,凌玮科技,60.34
301376,致欧科技,34.68
301378,通达海,15.99
301379,天山电子,43.87
301380,挖金客,29.48
301381,赛维时代,44.1
301382,蜂助手,86.3
301383,天键股份,20.13
301386,未来电器,11.71
301387,光大同创,37.33
301388,欣灵电气,24.53
301390,经纬股份,18.68
301391,卡莱特,74.83
301392,汇成真空,81.39
301393,昊帆生物,24.34
301395,仁信新材,19.29
301397,溯联股份,28.31
301398,星源卓镁,17.38
301399,英特科技,11.88
301408,华人健康,45.68
301413,安培龙,71.01
301418,协昌科技,12.6
301419,阿莱德,35.59
301421,波长光电,51.03
301428,世纪恒通,21.48
301429,森泰股份,9.92
301439,泓淋电力,31.17
301446,福事特,13.37
301448,开创电气,18.83
301449,天溯计量,9.94
301456,盘古智能,18.5
301458,钧崴电子,52.88
301459,丰茂股份,9.99
301468,博盈特焊,44.05
301469,恒达新材,16.74
301479,弘景光电,62.97
301487,盟固利,68.61
301488,豪恩汽电,31.73
301489,思泉新材,109.43
301491,汉桑科技,14.5
301498,乖宝宠物,88.95
301499,维科精密,13.13
301500,飞南资源,43.42
301501,恒鑫生活,14.23
301502,华阳智能,16.18
301503,智迪科技,11.56
301505,苏州规划,17.66
301507,民生健康,16.27
301508,中机认检,17.34
301509,金凯生科,19.85
301510,固高科技,112.31
301512,智信精密,13.4
301513,尚水智能,17.32
301515,港通医疗,15.87
301516,中远通,14.72
301517,陕西华达,70.36
301518,长华化学,19.78
301519,舜禹股份,11.74
301520,万邦医药,9.99
301522,上大股份,91.59
301525,儒竞科技,38.59
301528,多浦乐,23.29
301529,福赛科技,73.33
301531,C春光集团,53.71
301533,威马农机,9.32
301535,浙江华远,32.53
301538,骏鼎达,27.07
301539,宏鑫科技,13.9
301548,崇德科技,22.24
301551,无线传媒,43.63
301552,科力装备,9.69
301555,惠柏新材,18.17
301556,托普云农,25.59
301557,常友科技,20.81
301558,三态股份,18.2
301559,中集环科,14.94
301560,众捷汽车,27.88
301563,云汉芯城,25.03
301565,中仑新材,28.67
301566,达利凯普,57.63
301567,贝隆精密,9.63
301568,思泰克,28.73
301571,国科天成,78.23
301575,艾芬达,8.23
301577,美信科技,13.66
301578,辰奕智能,8.19
301580,爱迪特,55.09
301581,黄山谷捷,20.83
301584,建发致新,14.2
301585,蓝宇股份,19.8
301586,佳力奇,23.74
301587,中瑞股份,20.74
301588,美新科技,24.89
301589,诺瓦星云,60.93
301590,优优绿能,16.5
301591,肯特股份,14.63
301592,六九一二,30.82
301595,太力科技,11.62
301596,瑞迪智驱,22.71
301598,博科测试,11.73
301599,理奇智能,36.13
301600,慧翰股份,37.97
301601,惠通科技,18.65
301602,超研股份,39.09
301603,乔锋智能,50.17
301606,绿联科技,129.06
301607,富特科技,58.29
301608,博实结,40.6
301609,山大电力,18.16
301613,新铝时代,39.19
301616,浙江华业,12.81
301617,博苑股份,34.65
301618,长联科技,16.95
301622,英思特,37.9
301628,强达电路,31.54
301629,矽电股份,79.07
301630,同宇新材,26.1
301631,壹连科技,40.09
301632,广东建科,15.39
301633,港迪技术,16.0
301636,泽润新能,10.17
301638,南网数字,71.18
301656,联合动力,40.16
301658,首航新能,39.55
301662,宏工科技,56.83
301665,泰禾股份,27.76
301666,大普微-UW,139.47
301667,纳百川,25.38
301668,昊创瑞通,10.88
301678,新恒汇,29.59
301680,固德电材,20.13
301682,宏明电子,36.91
301683,慧谷新材,19.73
301687,新广益,19.51
301696,三瑞智能,38.42
600001,邯郸钢铁,148.99
600002,齐鲁石化,35.31
600003,ST东北高,33.24
600006,东风股份,134.4
600017,日照港,91.35
600020,中原高速,88.77
600033,福建高速,100.17
600035,楚天高速,62.15
600037,歌华有线,112.59
600051,宁波联合,24.12
600052,东望时代,37.65
600053,*ST九鼎,42.05
600054,黄山旅游,58.26
600055,万东医疗,94.28
600057,厦门象屿,144.17
600058,五矿发展,124.77
600059,古越龙山,78.57
600063,皖维高新,135.73
600064,南京高科,142.06
600065,*ST联谊,1.58
600067,冠城新材,47.18
600069,退市银鸽,4.55
600070,*ST富润,2.13
600071,凤凰光学,56.65
600072,中船科技,145.82
600073,光明肉业,53.83
600074,退市保千,1.74
600075,新疆天业,105.71
600076,康欣新材,58.62
600077,*ST宋都,5.49
600078,澄星股份,101.37
600080,ST金花,22.21
600081,东风科技,64.93
600082,ST海泰,24.99
600083,*ST博信,2.1
600084,*ST尼雅,56.19
600086,退市金钰,1.69
600087,退市长油,38.85
600088,中视传媒,67.01
600090,退市济堂,3.89
600091,退市明科,3.32
600092,S*ST精密,1.28
600093,退市易见,5.61
600094,大名城,100.78
600097,开创国际,24.6
600099,林海股份,25.15
600101,明星电力,56.92
600102,莱钢股份,65.76
600103,青山纸业,109.51
600106,重庆路桥,79.87
600107,*ST尔雅,24.52
600108,亚盛集团,81.77
600112,*ST天成,3.72
600116,三峡水利,130.98
600117,西宁特钢,83.66
600119,*ST长投,23.38
600121,郑州煤电,50.69
600122,*ST宏图,4.4
600123,兰花科创,99.3
600125,铁龙物流,78.46
600127,金健米业,42.87
600128,苏豪弘业,25.15
600129,太极集团,85.58
600130,波导股份,47.4
600133,东湖高新,99.8
600135,乐凯胶片,65.51
600136,ST明诚,33.81
600137,浪莎股份,22.55
600138,中青旅,63.77
600139,*ST西源,4.9
600145,退市新亿,5.07
600146,退市环球,1.03
600148,长春一东,27.31
600149,廊坊发展,24.37
600152,维科技术,75.24
600155,华创云信,140.78
600156,华升股份,47.17
600158,中体产业,135.0
600159,大龙地产,28.3
600162,香江控股,62.75
600163,中闽能源,128.26
600165,ST宁科,22.13
600168,武汉控股,49.77
600169,ST太重,79.0
600172,黄河旋风,137.33
600173,卧龙新能,52.6
600175,退市美都,7.51
600178,东安动力,50.15
600180,*ST瑞茂,24.45
600181,S*ST云大,1.71
600182,S佳通,23.97
600185,珠免集团,110.84
600187,*ST国中,25.82
600189,泉阳泉,60.79
600190,退市锦港,11.21
600191,华资实业,57.76
600192,长城电工,40.6
600193,*ST创兴,9.23
600195,中牧股份,74.95
600197,伊力特,57.21
600198,大唐电信,131.5
600199,金种子酒,51.9
600200,退市苏吴,2.06
600202,哈空调,24.5
600203,福日电子,76.91
600205,S山东铝,48.79
600207,安彩高科,69.93
600209,退市罗顿,5.18
600210,紫江企业,105.72
600211,西藏药业,138.69
600212,绿能慧充,37.93
600213,*ST亚星,18.19
600215,派斯林,31.39
600216,浙江医药,136.71
600217,中再资环,60.67
600218,全柴动力,41.73
600220,ST阳光,6.6
600222,太龙药业,42.75
600223,福瑞达,67.5
600225,退市卓朗,9.89
600227,赤天化,47.53
600228,*ST返利,27.96
600229,城市传媒,40.3
600230,沧州大化,70.91
600231,凌钢股份,59.85
600232,金鹰股份,31.77
600234,科新发展,78.57
600235,民丰特纸,24.17
600237,铜峰电子,58.96
600238,*ST椰岛,22.8
600239,ST云城,27.14
600240,退市华业,5.84
600241,时代万恒,27.46
600242,退市中昌,1.13
600243,*ST海华,19.22
600247,*ST成城,2.19
600248,陕建股份,126.74
600249,两面针,32.62
600250,南京商旅,32.09
600251,冠农股份,94.64
600252,中恒集团,75.78
600253,天方药业,26.25
600255,鑫科材料,66.47
600257,大湖股份,29.31
600260,*ST凯乐,4.68
600261,阳光照明,48.06
600262,北方股份,41.58
600263,路桥建设,67.06
600265,*ST景谷,28.45
600266,城建发展,110.22
600267,海正药业,137.38
600269,赣粤高速,104.16
600272,开开实业,20.29
600273,嘉化能源,105.43
600275,退市昌鱼,2.09
600277,ST亿利,13.53
600278,东方创业,66.18
600279,重庆港,59.82
600280,中央商场,34.64
600281,华阳新材,28.55
600283,钱江水利,49.68
600284,浦东建设,73.84
600285,羚锐制药,123.25
600286,S*ST国瓷,0.5
600287,苏豪时尚,25.16
600288,大恒科技,66.26
600289,ST信通,32.88
600290,*ST华仪,2.81
600291,退市西水,9.73
600292,电投水电,70.55
600293,三峡新材,38.28
600296,S兰铝,44.1
600297,广汇汽车,64.71
600300,维维股份,57.73
600302,ST标准,29.24
600303,曙光股份,22.09
600305,恒顺醋业,82.06
600306,退市商城,1.09
600307,酒钢宏兴,110.24
600308,华泰股份,59.16
600310,广西能源,79.44
600311,*ST荣华,4.06
600313,农发种业,79.0
600315,上海家化,132.29
600318,新力金融,40.15
600319,亚星化学,31.99
600321,正源股份,7.55
600322,津投城开,30.41
600325,华发股份,100.45
600326,西藏天路,130.93
600327,大东方,34.59
600328,中盐化工,118.62
600333,长春燃气,34.41
600335,国机汽车,89.75
600336,澳柯玛,63.68
600337,ST美克,43.4
600340,*ST华幸,44.77
600345,长江通信,125.24
600351,亚宝药业,47.06
600354,敦煌种业,32.62
600355,*ST精伦,2.85
600356,恒丰纸业,29.22
600357,承德钒钛,43.21
600358,国旅联合,33.83
600359,新农开发,28.61
600360,*ST华微,109.57
600365,ST通葡,12.69
600366,宁波韵升,148.37
600367,红星发展,74.86
600368,五洲交通,63.74
600370,*ST三房,79.16
600371,万向德农,24.84
600373,中文传媒,113.18
600375,汉马科技,74.74
600376,首开股份,123.56
600379,宝光股份,56.76
600381,*ST春天,26.95
600382,广东明珠,59.93
600383,金地集团,140.86
600385,退市金泰,1.78
600386,北巴传媒,32.09
600387,退市海越,3.8
600389,江山股份,120.75
600391,航发科技,141.13
600393,ST粤泰,4.95
600395,盘江股份,116.78
600397,江钨装备,147.5
600399,抚顺特钢,108.27
600400,红豆股份,62.78
600401,退市海润,7.09
600403,大有能源,134.12
600405,动力源,31.01
600408,安泰集团,32.32
600419,天润乳业,29.82
600420,国药现代,128.08
600421,*ST华嵘,7.98
600422,昆药集团,70.78
600423,*ST柳化,24.52
600425,青松建化,65.63
600429,三元股份,79.82
600432,退市吉恩,22.13
600433,冠豪高新,82.79
600439,瑞贝卡,29.88
600444,国机通用,25.05
600446,金证股份,130.65
600448,华纺股份,22.55
600449,宁夏建材,65.94
600455,博通股份,18.14
600458,时代新材,106.48
600461,洪城环境,133.81
600462,退市九有,1.26
600463,空港股份,33.66
600466,*ST蓝光,12.14
600467,好当家,35.21
600468,百利电气,85.17
600469,风神股份,46.9
600470,六国化工,33.38
600472,包头铝业,111.54
600476,*ST湘邮,20.54
600477,杭萧钢构,71.48
600478,科力远,117.92
600479,千金药业,44.32
600480,凌云股份,141.67
600481,双良节能,131.49
600485,*ST信威,26.34
600488,津药药业,79.27
600491,ST龙元,24.02
600493,凤竹纺织,20.05
600495,晋西车轴,51.59
600496,精工钢构,85.18
600501,航天晨光,104.47
600502,安徽建工,94.92
600503,华丽家族,41.18
600505,西昌电力,51.11
600506,统一股份,45.78
600507,方大特钢,126.76
600508,上海能源,98.29
600509,天富能源,124.66
600510,黑牡丹,105.58
600512,腾达建设,37.78
600513,联环药业,58.89
600520,三佳科技,48.91
600523,贵航股份,55.52
600525,ST长园,67.52
600526,菲达环保,46.01
600527,江南高纤,52.99
600529,山东药玻,122.7
600530,交大昂立,55.87
600532,退市未来,3.72
600533,栖霞建设,26.88
600537,*ST亿晶,41.07
600538,国发股份,37.59
600539,狮头股份,43.86
600540,新赛股份,32.67
600543,*ST莫高,15.7
600545,卓郎智能,109.06
600551,时代出版,53.63
600553,太行水泥,56.53
600555,退市海创,2.53
600556,天下秀,110.27
600557,康缘药业,75.92
600558,大西洋,51.43
600559,老白干酒,123.15
600560,金自天正,32.18
600561,江西长运,19.8
600565,ST迪马,21.18
600567,山鹰国际,90.2
600568,ST中珠,41.89
600569,安阳钢铁,59.17
600571,信雅达,61.43
600572,康恩贝,111.33
600573,惠泉啤酒,34.52
600575,淮河能源,148.84
600576,祥源文旅,38.3
600579,中化装备,36.97
600581,*ST八钢,40.93
600586,金晶科技,83.2
600587,新华医疗,83.23
600590,泰豪科技,132.78
600591,*ST上航,78.63
600592,龙溪股份,79.35
600593,大连圣亚,44.67
600594,益佰制药,32.31
600597,光明乳业,101.04
600599,*ST熊猫,6.56
600603,广汇物流,66.91
600604,市北高新,68.12
600605,汇通能源,69.43
600607,上实医药,86.51
600608,*ST沪科,6.59
600609,金杯汽车,53.36
600610,中毅达,73.85
600611,大众交通,71.6
600612,老凤祥,122.15
600613,神奇制药,27.18
600614,退市鹏起,3.93
600615,鑫源智造,25.91
600616,金枫酒业,32.65
600617,国新能源,61.97
600618,氯碱化工,91.03
600619,海立股份,143.63
600620,天宸股份,37.36
600622,光大嘉宝,40.19
600624,ST复华,32.4
600625,PT水仙,0.84
600626,申达股份,42.77
600627,上电股份,24.18
600628,新世界,45.48
600630,龙头股份,34.5
600632,华联商厦,11.86
600634,退市富控,1.61
600635,大众公用,128.44
600636,*ST国化,19.78
600638,新黄浦,43.77
600639,浦东金桥,89.02
600640,国脉文化,100.18
600643,爱建集团,78.88
600644,乐山电力,65.95
600645,中源协和,113.76
600646,ST国嘉,1.77
600647,退市同达,2.11
600648,外高桥,114.91
600649,城投控股,110.45
600650,锦江在线,48.94
600652,退市游久,9.91
600653,申华控股,34.84
600654,中安科,93.86
600656,退市博元,8.55
600657,信达地产,90.4
600658,电子城,58.39
600659,*ST花雕,0.63
600661,昂立教育,28.25
600662,外服控股,112.91
600664,哈药股份,97.97
600665,天地源,29.99
600666,奥瑞德,138.12
600668,尖峰集团,37.53
600669,*ST鞍成,3.26
600670,*ST斯达,2.47
600671,天目药业,24.0
600672,*ST华圣,1.79
600676,交运股份,79.81
600677,*ST航通,13.66
600678,ST金顶,28.06
600679,上海凤凰,37.57
600680,*ST上普,19.8
600681,百川能源,53.99
600682,南京新百,75.43
600684,珠江股份,37.38
600686,金龙汽车,105.69
600687,退市刚泰,4.47
600689,上海三毛,19.68
600691,潞化科技,71.98
600692,亚通股份,20.76
600693,东百集团,97.67
600694,大商股份,63.64
600695,退市绿庭,1.87
600696,*ST岩石,4.38
600697,欧亚集团,19.44
600698,湖南天雁,66.27
600700,*ST数码,1.0
600701,退市工新,3.75
600702,舍得酒业,144.96
600706,曲江文旅,23.45
600708,光明地产,88.34
600709,ST生态,6.03
600712,南宁百货,33.4
600713,南京医药,70.04
600714,金瑞矿业,73.2
600715,文投控股,58.11
600716,凤凰股份,41.19
600717,天津港,132.26
600718,东软集团,109.23
600719,大连热电,42.97
600720,中交设计,67.0
600721,百花医药,32.3
600722,金牛化工,86.26
600723,首商股份,58.77
600724,宁波富达,117.04
600725,云维股份,48.68
600727,鲁北化工,42.92
600728,佳都科技,117.51
600729,重百集团,40.36
600730,*ST高科,67.17
600731,湖南海利,35.53
600734,*ST实达,50.96
600735,ST新华锦,28.34
600736,苏州高新,114.67
600738,丽尚国潮,35.22
600740,山西焦化,100.18
600742,富维股份,68.81
600743,华远控股,63.58
600746,江苏索普,88.06
600747,退市大控,2.77
600748,上实发展,108.46
600749,西藏旅游,36.56
600750,华润江中,149.06
600751,海航科技,97.78
600752,*ST哈慈,1.35
600753,*ST海钦,32.04
600755,厦门国贸,135.39
600756,浪潮软件,54.9
600757,长江传媒,105.45
600758,辽宁能源,53.89
600759,ST洲际,150.0
600762,S*ST金荔,0.33
600766,退市园城,0.94
600767,退市运盛,1.43
600768,宁波富邦,25.32
600769,祥龙电业,78.07
600770,综艺股份,104.91
600771,广誉远,78.91
600772,S*ST龙昌,1.18
600774,汉商集团,25.21
600775,南京熊猫,89.42
600778,友好集团,21.29
600780,通宝能源,84.27
600781,退市辅仁,2.88
600782,新钢股份,99.09
600784,鲁银投资,48.98
600785,新华百货,41.18
600786,东方锅炉,105.42
600787,中储股份,113.06
600788,*ST达曼,0.95
600789,鲁抗医药,76.48
600790,轻纺城,68.16
600791,京能置业,67.39
600792,云煤能源,45.73
600793,宜宾纸业,28.52
600794,保税科技,42.61
600796,钱江生化,18.78
600797,浙大网新,93.4
600798,宁波海运,44.76
600799,*ST龙科,0.96
600800,渤海化学,53.49
600802,福建水泥,26.53
600804,退市鹏博,1.95
600805,悦达投资,43.53
600806,退市昆机,5.74
600807,济高发展,24.08
600810,神马股份,78.35
600811,*ST东方,13.17
600812,华北制药,89.9
600813,ST鞍一工,3.81
600814,杭州解百,55.28
600815,厦工股份,81.25
600817,宇通重工,58.8
600818,ST中路,14.3
600819,耀皮玻璃,52.99
600822,上海物贸,38.9
600823,*ST世茂,16.13
600824,益民集团,42.79
600825,新华传媒,61.96
600826,兰生股份,74.22
600827,百联股份,133.01
600828,茂业商业,86.39
600829,人民同泰,57.18
600830,香溢融通,46.98
600831,广电网络,27.66
600833,第一医药,26.66
600834,申通地铁,38.48
600836,*ST易连,2.99
600838,上海九百,37.28
600840,新湖创业,46.45
600841,动力新科,86.26
600842,中西药业,30.09
600843,上工申贝,42.18
600844,金煤科技,28.63
600846,同济科技,78.78
600847,万里股份,22.53
600850,电科数字,132.71
600851,海欣股份,61.27
600852,*ST中川,0.41
600853,龙建股份,41.36
600854,春兰股份,30.7
600855,航天长峰,96.66
600856,退市中天,3.68
600857,宁波中百,28.78
600858,银座股份,29.19
600859,王府井,135.08
600860,京城股份,47.51
600861,北京人力,58.14
600864,哈投股份,127.96
600865,百大集团,43.31
600866,星湖科技,76.35
600868,梅雁吉祥,68.71
600870,退市厦华,3.14
600874,创业环保,76.41
600876,凯盛新能,36.72
600878,*ST北科,2.34
600880,博瑞传播,57.06
600881,亚泰集团,51.71
600882,妙可蓝多,100.17
600883,博闻科技,21.6
600888,新疆众和,134.81
600889,*ST京化,57.52
600890,退市中房,2.09
600891,退市秋林,1.46
600892,*ST大晟,22.26
600894,广日股份,76.05
600896,退市海医,10.59
600897,厦门空港,65.92
600898,*ST美讯,1.87
600899,*ST信联,0.61
600903,贵州燃气,72.91
600906,财达证券,141.47
600908,无锡银行,112.96
600916,中国黄金,149.18
600917,重庆燃气,82.11
600925,苏能股份,74.52
600929,雪天盐业,112.68
600935,华塑股份,92.24
600936,北投科技,86.06
600939,重庆建工,57.64
600955,维远股份,102.69
600960,渤海汽车,46.2
600962,国投中鲁,64.11
600963,岳阳林纸,78.74
600965,*ST福成,25.13
600966,博汇纸业,83.42
600969,郴电国际,41.3
600971,恒源煤电,94.08
600973,宝胜股份,107.65
600975,新五丰,67.98
600976,健民集团,48.47
600978,*ST宜生,7.71
600979,广安爱众,64.08
600980,北矿科技,44.67
600981,苏豪汇鸿,62.34
600982,宁波能源,74.55
600983,惠而浦,69.98
600984,建设机械,60.59
600987,航民股份,71.97
600990,四创电子,61.58
600991,广汽长丰,92.82
600992,贵绳股份,30.22
600993,马应龙,112.83
600996,贵广网络,104.73
600997,开滦股份,88.12
601002,XD晋亿实,55.74
601003,柳钢股份,113.53
601005,重庆钢铁,116.39
601007,金陵饭店,29.05
601008,连云港,59.8
601010,ST文峰,35.11
601011,宝泰隆,56.9
601015,陕西黑猫,77.61
601022,宁波远洋,114.77
601026,道生天合,20.9
601028,玉龙股份,100.46
601033,永兴股份,36.79
601038,一拖股份,100.39
601065,江盐集团,52.58
601083,锦江航运,23.74
601086,国芳集团,60.27
601089,福元医药,100.03
601096,宏盛华源,95.13
601107,四川成渝,137.12
601112,振石股份,36.78
601113,华鼎股份,49.02
601116,三江购物,76.57
601121,宝地矿业,59.68
601133,柏诚股份,135.03
601163,三角轮胎,119.04
601177,杭齿前进,66.61
601188,龙江交通,44.12
601199,江南水务,60.23
601200,上海环境,109.45
601218,吉鑫科技,62.41
601222,林洋能源,127.58
601226,华电科工,104.83
601258,*ST庞大,40.91
601279,英利汽车,61.85
601311,骆驼股份,112.27
601330,绿色动力,88.72
601339,百隆东方,135.56
601366,利群股份,37.91
601368,绿城水务,44.15
601375,中原证券,141.0
601388,怡球资源,84.53
601500,通用股份,72.66
601515,衢州东峰,94.3
601518,吉林高速,55.2
601528,XD瑞丰银,86.55
601558,退市锐电,15.08
601566,九牧王,63.27
601579,会稽山,83.33
601588,北辰实业,56.13
601595,上海电影,103.09
601599,浙文影业,41.32
601616,广电电气,40.46
601619,嘉泽新能,146.32
601678,滨化股份,101.35
601686,友发集团,81.38
601700,风范股份,64.8
601718,ST际华,103.36
601789,宁波建工,65.86
601798,蓝科高新,31.8
601801,皖新传媒,116.69
601811,新华文轩,106.99
601827,三峰环境,136.26
601828,美凯龙,97.9
601860,紫金银行,94.47
601882,海天精工,120.53
601886,江河集团,105.26
601890,亚星锚链,101.5
601900,南方传媒,109.45
601908,京运通,98.03
601929,吉视传媒,103.41
601949,中国出版,110.62
601952,苏垦农发,130.08
601956,东贝集团,36.55
601968,宝钢包装,65.45
601992,金隅集团,140.01
601996,丰林集团,34.19
601999,出版传媒,38.51
603001,奥康国际,36.77
603003,退市龙宇,9.18
603004,鼎龙科技,12.46
603006,联明股份,35.32
603007,花王股份,53.17
603008,ST喜临门,29.39
603010,万盛股份,86.59
603011,合锻智能,108.62
603012,创力集团,63.23
603013,亚普股份,107.79
603014,威高血净,14.07
603015,弘讯科技,50.28
603016,新宏泰,76.2
603017,中衡设计,43.56
603018,华设集团,51.63
603020,爱普股份,44.96
603021,*ST华鹏,22.84
603022,新通联,22.92
603023,威帝股份,26.9
603027,千禾味业,108.84
603028,赛福天,27.71
603029,天鹅股份,23.73
603030,全筑股份,38.72
603032,德新科技,56.6
603033,三维股份,114.21
603035,常熟汽饰,48.03
603036,如通股份,34.73
603037,凯众股份,41.57
603038,华立股份,43.69
603039,泛微网络,123.06
603040,新坐标,107.98
603041,美思德,25.26
603042,华脉科技,37.96
603043,广州酒家,84.31
603045,福达合金,99.7
603048,浙江黎明,34.34
603049,中策橡胶,42.35
603050,XD科林电,98.49
603051,鹿山新材,39.97
603053,成都燃气,86.58
603055,台华新材,80.1
603057,紫燕食品,108.19
603058,永吉股份,49.02
603059,倍加洁,31.64
603060,国检集团,54.35
603062,麦加芯彩,20.65
603065,宿迁联盛,34.27
603066,音飞储存,34.48
603068,博通集成,55.65
603069,海汽集团,52.33
603070,万控智造,61.99
603071,物产环能,79.4
603072,天和磁材,48.3
603073,彩蝶实业,10.52
603075,热威股份,10.25
603076,乐惠国际,36.64
603078,江化微,108.83
603079,圣达生物,29.68
603080,新疆火炬,30.92
603081,大丰实业,51.5
603082,北自科技,14.19
603085,天成自控,56.07
603086,先达股份,31.65
603088,宁波精达,53.42
603089,正裕工业,27.89
603090,宏盛股份,67.04
603091,众鑫股份,26.72
603092,德力佳,25.38
603093,南华期货,130.55
603095,越剑智能,63.66
603096,新经典,28.75
603097,江苏华辰,44.81
603098,森特股份,73.17
603099,长白山,101.07
603100,川仪股份,104.1
603101,汇嘉时代,40.13
603102,百合股份,26.43
603103,横店影视,132.48
603105,芯能科技,50.1
603106,恒银科技,46.9
603107,上海汽配,31.53
603108,润达医疗,80.78
603109,神驰机电,46.43
603110,东方材料,48.21
603111,康尼机电,59.19
603112,华翔股份,118.84
603113,金能科技,47.18
603116,红蜻蜓,42.24
603117,万林物流,30.14
603118,共进股份,125.02
603120,肯特催化,16.84
603121,华培动力,69.16
603122,合富中国,62.89
603123,翠微股份,76.25
603124,江南新材,102.68
603125,常青科技,97.12
603126,中材节能,55.01
603128,华贸物流,74.48
603130,云中马,68.48
603131,上海沪工,81.46
603133,退市碳元,0.61
603135,中重科技,77.24
603136,天目湖,27.88
603137,恒尚节能,25.34
603138,海量数据,56.46
603139,康惠股份,38.75
603150,万朗磁塑,62.34
603151,邦基科技,26.33
603153,上海建科,63.03
603155,新亚强,57.66
603157,退市拉夏,1.96
603158,腾龙股份,73.86
603159,上海亚虹,35.01
603161,科华控股,27.2
603162,海通发展,51.48
603163,圣晖集成,102.99
603165,荣晟环保,58.26
603166,福达股份,93.35
603167,渤海轮渡,42.79
603168,莎普爱思,24.4
603169,兰石重装,115.08
603170,宝立食品,52.52
603172,万丰股份,29.16
603173,福斯达,61.39
603175,超颖电子,43.94
603176,汇通集团,26.32
603177,德创环保,24.16
603178,圣龙股份,46.22
603180,金牌家居,28.82
603181,皇马科技,84.71
603182,嘉华股份,24.67
603183,建研院,23.81
603185,弘元绿能,147.82
603187,海容冷链,55.14
603188,亚邦股份,28.85
603189,*ST网达,36.52
603190,亚通精工,11.62
603191,望变电气,68.96
603192,汇得科技,31.94
603193,润本股份,25.77
603194,中力股份,58.42
603196,璞源材料,68.02
603197,保隆科技,73.16
603199,九华旅游,39.13
603200,上海洗霸,106.27
603201,常润股份,29.97
603202,天有为,38.37
603203,快克智能,139.38
603205,健尔康,10.7
603206,嘉环科技,53.35
603207,小方制药,14.43
603208,江山欧派,24.59
603209,兴通股份,46.46
603210,泰鸿万立,38.16
603211,晋拓股份,83.96
603212,赛伍技术,64.79
603213,镇洋发展,60.9
603214,爱婴室,22.8
603215,比依股份,33.7
603216,梦天家居,64.71
603217,元利科技,60.55
603218,日月股份,130.77
603219,富佳股份,93.7
603220,中贝通信,129.97
603221,爱丽家居,29.24
603222,济民健康,54.56
603223,恒通股份,64.79
603227,雪峰科技,91.74
603229,奥翔药业,84.36
603230,内蒙新华,37.69
603231,索宝蛋白,18.71
603232,格尔软件,45.03
603235,天新药业,112.77
603237,五芳斋,31.81
603238,诺邦股份,27.85
603239,浙江仙通,65.41
603248,锡华科技,20.01
603255,鼎际得,20.03
603257,中国瑞林,16.53
603258,电魂网络,39.53
603261,*ST立航,28.11
603262,技源集团,10.39
603266,天龙股份,40.14
603267,鸿远电子,129.73
603269,海鸥股份,63.05
603270,金帝股份,19.78
603271,永杰新材,45.77
603272,*ST联翔,29.82
603273,天元智能,10.07
603275,众辰科技,22.26
603276,恒兴新材,13.77
603277,银都股份,80.55
603278,大业股份,53.93
603279,景津装备,106.97
603280,南方路机,36.42
603281,江瀚新材,140.97
603282,亚光股份,24.4
603284,林平发展,8.66
603285,键邦股份,29.64
603286,日盈电子,77.37
603289,泰瑞机器,35.94
603291,联合水务,51.51
603293,埃泰克,18.52
603299,苏盐井神,81.8
603300,海南华铁,131.84
603303,得邦照明,93.81
603307,扬州金泉,30.04
603309,维力医疗,42.23
603310,巍华新材,31.53
603311,金海高科,54.49
603312,西典新能,19.74
603313,梦百合,34.46
603315,福鞍股份,61.0
603316,诚邦股份,49.15
603318,水发燃气,51.78
603319,美湖股份,119.89
603320,迪贝电气,39.21
603321,梅轮电梯,25.95
603322,超讯通信,56.37
603323,苏农银行,98.3
603324,盛剑科技,38.15
603325,博隆技术,21.01
603326,我乐家居,26.46
603327,福蓉科技,113.22
603328,依顿电子,128.8
603329,上海雅仕,23.88
603330,天洋新材,30.55
603331,百达精工,32.91
603332,苏州龙杰,30.4
603333,尚纬股份,52.89
603334,丰倍生物,15.81
603335,迪生力,31.85
603336,宏辉果蔬,75.36
603339,四方科技,44.06
603341,龙旗科技,105.05
603344,星德胜,15.29
603348,文灿股份,59.22
603350,安乃达,15.73
603351,威尔药业,37.86
603352,至信股份,16.08
603353,和顺石油,91.02
603356,华菱精工,26.8
603357,设计总院,42.04
603359,*ST东珠,15.3
603360,百傲化学,140.26
603363,傲农生物,68.37
603365,水星家纺,54.61
603366,日出东方,71.55
603367,辰欣药业,70.36
603368,柳药集团,66.89
603370,华新精科,15.37
603373,安邦护卫,20.91
603375,盛景微,29.86
603376,大明电子,9.95
603377,ST东时,24.97
603378,*ST亚士,19.89
603380,易德龙,59.36
603381,永臻股份,35.11
603382,海阳科技,9.36
603383,顶点软件,68.14
603385,惠达卫浴,25.09
603386,骏亚科技,52.37
603387,基蛋生物,49.5
603388,*ST元成,1.89
603390,通达电气,48.2
603391,力聚热能,14.98
603393,新天然气,124.64
603395,红四方,17.88
603396,金辰股份,51.63
603398,*ST沐邦,64.57
603399,永杉锂业,123.36
603400,华之杰,16.2
603402,陕西旅游,21.25
603406,天富龙,12.78
603407,C长裕,31.93
603408,建霖家居,52.1
603409,汇通控股,15.8
603416,信捷电气,85.33
603418,友升股份,23.24
603421,鼎信通讯,57.2
603429,*ST集友,51.19
603439,三力制药,49.71
603456,九洲药业,121.41
603458,勘设股份,40.93
603459,红板科技,73.68
603466,风语筑,62.22
603477,巨星农牧,94.16
603488,展鹏科技,35.45
603489,八方股份,94.03
603496,恒为科技,99.26
603499,翔港科技,67.93
603500,祥和实业,33.76
603506,南都物业,24.88
603507,振江股份,79.53
603508,思维列控,100.73
603511,爱慕股份,58.31
603515,欧普照明,147.56
603517,ST绝味,71.21
603518,锦泓集团,33.07
603519,立霸股份,38.56
603520,司太立,52.17
603527,众源新材,41.49
603528,多伦科技,57.89
603533,掌阅科技,115.43
603535,嘉诚国际,39.29
603536,惠发食品,24.77
603538,美诺华,128.84
603551,奥普科技,45.09
603555,ST贵人,10.53
603556,海兴电力,145.34
603557,*ST起步,30.98
603558,健盛集团,47.46
603559,ST通脉,36.88
603566,普莱柯,40.11
603567,珍宝岛,67.92
603569,长久物流,39.47
603577,汇金通,39.48
603578,三星新材,26.76
603579,荣泰健康,44.79
603580,*ST艾艾,35.37
603583,捷昌驱动,108.56
603585,苏利股份,35.66
603586,金麒麟,34.52
603587,地素时尚,62.44
603589,口子窖,140.56
603590,康辰药业,58.21
603595,ST东尼,44.26
603598,引力传媒,66.05
603599,广信股份,113.87
603600,永艺股份,36.75
603602,纵横通信,31.61
603603,退市博天,3.19
603607,京华激光,41.01
603608,天创时尚,60.44
603609,禾丰股份,61.76
603610,麒盛科技,59.83
603611,诺力股份,50.9
603612,索通发展,123.33
603615,茶花股份,54.12
603616,韩建河山,24.52
603617,君禾股份,29.92
603619,中曼石油,134.08
603626,科森科技,147.6
603628,清源股份,34.24
603630,拉芳家化,35.36
603633,徕木股份,34.74
603636,南威软件,65.75
603637,镇海股份,42.06
603639,海利尔,40.82
603648,畅联股份,36.53
603655,朗博科技,47.28
603656,泰禾智能,36.0
603657,春光科技,44.95
603721,*ST天择,31.99
603722,阿科力,37.3
603725,天安新材,28.72
603726,朗迪集团,50.72
603727,博迈科,48.48
603729,ST龙韵,13.12
603739,蔚蓝生物,37.32
603755,日辰股份,28.2
603757,大元泵业,112.9
603758,秦安股份,58.1
603759,海天股份,42.11
603767,中马传动,61.2
603768,常青股份,28.63
603776,永安行,60.31
603777,来伊份,66.38
603779,威龙股份,24.74
603787,新日股份,27.16
603788,宁波高发,37.27
603789,*ST星农,15.55
603790,雅运股份,49.41
603797,联泰环保,28.14
603798,康普顿,49.55
603800,洪田股份,121.08
603801,志邦家居,39.09
603803,瑞斯康达,72.1
603808,歌力思,38.01
603809,豪能股份,105.28
603810,丰山集团,25.13
603811,诚意药业,39.05
603813,*ST原尚,39.88
603815,交建股份,45.99
603817,海峡环保,41.22
603818,曲美家居,26.02
603819,神力股份,32.46
603822,ST嘉澳,54.78
603823,百合花,79.19
603825,ST华扬,22.55
603828,*ST利达,35.1
603829,洛凯股份,53.81
603836,海程邦达,28.69
603838,*ST四通,31.62
603839,安正时尚,30.88
603843,*ST正平,67.23
603848,好太太,70.5
603855,华荣股份,65.09
603856,东宏股份,35.85
603859,能科科技,99.74
603860,中公高科,21.63
603861,白云电器,87.85
603863,松炀资源,39.74
603866,桃李面包,79.19
603867,新化股份,80.43
603869,ST智知,54.75
603877,太平鸟,65.52
603878,武进不锈,46.63
603879,永悦科技,21.38
603880,南卫股份,23.09
603882,金域医学,124.93
603883,老百姓,102.83
603886,元祖股份,29.59
603887,城地香江,85.85
603888,新华网,138.93
603889,新澳股份,62.62
603890,春秋电子,89.27
603895,天永智能,39.45
603896,寿仙谷,34.1
603897,长城科技,116.64
603898,好莱客,39.91
603900,莱绅通灵,26.29
603901,永创智能,68.2
603903,中持股份,30.89
603908,牧高笛,22.14
603909,建发合诚,31.75
603912,佳力图,61.83
603915,国茂股份,115.44
603916,苏博特,60.78
603917,合力科技,25.4
603918,金桥信息,49.11
603919,金徽酒,96.48
603922,ST金鸿顺,30.2
603926,铁流股份,54.45
603927,中科软,139.78
603928,兴业股份,42.12
603931,格林达,88.6
603933,睿能科技,55.14
603936,博敏电子,127.47
603937,丽岛新材,35.11
603938,三孚股份,146.93
603948,建业股份,43.58
603949,雪龙集团,37.52
603955,大千生态,35.52
603956,威派格,33.23
603958,哈森股份,49.86
603959,ST百利,26.13
603960,克来机电,60.1
603963,*ST大药,2.59
603966,法兰泰克,56.32
603967,中创物流,50.06
603968,醋化股份,24.41
603969,银龙股份,82.67
603970,中农立华,34.68
603976,正川股份,32.72
603977,国泰集团,89.77
603978,深圳新星,66.35
603980,吉华集团,42.78
603982,泉峰汽车,26.15
603983,丸美生物,103.98
603985,恒润股份,115.28
603987,康德莱,35.77
603988,中电电机,60.49
603989,艾华集团,83.94
603990,麦迪科技,49.07
603991,至正股份,93.91
603992,松霖科技,145.85
603995,甬金股份,73.56
603996,退市中新,1.17
603998,方盛制药,48.04
603999,读者传媒,38.53
605001,威奥股份,28.6
605003,众望布艺,32.48
605005,合兴股份,76.79
605006,山东玻纤,101.95
605007,五洲特纸,61.08
605008,长鸿高科,78.87
605009,豪悦护理,60.43
605011,杭州热电,91.42
605016,百龙创园,118.02
605018,长华集团,61.34
605020,永和股份,143.18
605028,世茂能源,43.14
605033,美邦股份,32.07
605100,华丰股份,90.01
605108,同庆楼,39.34
605116,奥锐特,90.13
605122,四方新材,25.34
605123,派克新材,141.87
605128,上海沿浦,72.78
605133,嵘泰股份,109.91
605136,丽人丽妆,43.69
605138,盛泰集团,43.45
605151,西上海,30.5
605155,西大门,32.4
605158,华达新材,40.5
605162,新中港,48.69
605166,聚合顺,36.57
605167,利柏特,86.23
605168,三人行,115.42
605169,洪通燃气,37.17
605177,东亚药业,24.44
605178,时空科技,72.58
605179,一鸣食品,65.96
605180,华生科技,26.25
605183,确成股份,68.46
605186,健麾信息,31.57
605188,国光连锁,77.11
605189,富春染织,37.75
605198,安德利,143.68
605199,ST葫芦娃,26.65
605208,永茂泰,48.96
605218,伟时电子,38.93
605228,神通科技,70.62
605258,协和电子,33.62
605259,绿田机械,33.25
605266,健之佳,30.74
605268,王力安防,54.41
605277,新亚电子,77.08
605286,同力天启,67.91
605287,德才股份,78.44
605288,凯迪股份,57.98
605298,必得科技,104.9
605299,舒华体育,102.22
605300,佳禾食品,48.94
605303,园林股份,40.26
605305,中际联合,95.19
605318,法狮龙,116.64
605319,无锡振华,90.07
605333,沪光股份,110.49
605336,*ST帅电,33.91
605337,李子园,41.27
605338,巴比食品,55.39
605339,南侨食品,69.41
605366,宏柏新材,93.83
605368,蓝天燃气,54.31
605369,拱东医疗,45.53
605377,华旺科技,56.17
605378,野马电池,50.57
605388,均瑶健康,42.03
605389,长龄液压,148.12
605398,新炬网络,44.81
605399,晨光新材,43.55
605488,福莱新材,99.88
605500,森林包装,38.62
605507,国邦医药,129.93
605555,德昌股份,78.08
605566,福莱蒽特,46.4
605567,春雪食品,21.86
605577,龙版传媒,51.69
605580,恒盛能源,61.82
605588,冠石科技,42.6
605598,上海港湾,140.46
605599,菜百股份,138.21
688004,博汇科技,19.32
688007,光峰科技,69.86
688010,福光股份,55.92
688011,新光光电,65.46
688013,天臣医疗,27.8
688015,交控科技,40.34
688016,心脉医疗,129.61
688020,方邦股份,129.59
688021,奥福科技,22.38
688022,ST瀚川,17.54
688023,安恒信息,45.8
688026,洁特生物,22.73
688030,山石网科,29.72
688032,禾迈股份,136.87
688033,*ST天宜,46.27
688035,德邦科技,115.19
688038,中科通达,24.16
688039,当虹科技,49.08
688045,必易微,46.47
688046,药康生物,85.65
688049,炬芯科技,89.28
688050,爱博医疗,97.38
688051,佳华科技,34.8
688053,ST思科瑞,42.02
688056,莱伯泰科,23.72
688057,金达莱,34.14
688058,宝兰德,22.64
688059,华锐精密,141.77
688060,云涌科技,28.22
688061,灿瑞科技,44.69
688062,迈威生物-U,73.46
688066,*ST航图,38.49
688067,爱威科技,19.45
688068,热景生物,99.23
688069,德林海,62.75
688070,纵横股份,40.48
688071,华依科技,28.96
688073,毕得医药,54.13
688075,安旭生物,47.63
688076,ST诺泰,103.19
688077,大地熊,36.08
688078,龙软科技,19.57
688079,美迪凯,71.33
688080,映翰通,33.51
688081,兴图新科,57.46
688083,中望软件,97.67
688084,晶品特装,50.53
688085,三友医疗,60.82
688086,退市紫晶,0.85
688087,英科再生,82.4
688089,嘉必优,28.31
688090,瑞松科技,111.01
688091,上海谊众,133.55
688092,爱科科技,24.87
688093,世华科技,88.35
688095,福昕软件,72.21
688096,京源环保,27.55
688098,申联生物,36.18
688101,XD三达膜,65.11
688103,国力电子,59.95
688105,诺唯赞,80.5
688108,赛诺医疗,91.11
688109,品茗科技,80.66
688112,鼎阳科技,91.34
688113,联测科技,28.36
688115,思林杰,38.68
688116,天奈科技,149.22
688117,圣诺生物,58.94
688118,普元信息,25.92
688119,中钢洛耐,59.62
688121,卓然股份,13.13
688128,中国电研,108.73
688129,东来技术,35.06
688130,晶华微,16.26
688132,邦彦技术,27.46
688133,泰坦科技,36.75
688135,利扬芯片,88.7
688136,科兴制药,52.37
688137,近岸蛋白,36.22
688138,清溢光电,102.88
688139,海尔生物,106.15
688143,长盈通,94.23
688146,中船特气,142.07
688148,芳源股份,53.72
688151,华强科技,71.28
688152,麒麟信安,40.86
688153,唯捷创芯,134.68
688155,先惠技术,131.34
688156,路德科技,27.71
688157,松井股份,54.72
688159,有方科技,56.29
688160,步科股份,112.27
688161,威高骨科,113.24
688162,巨一科技,43.61
688163,赛伦生物,43.27
688165,埃夫特-U,104.36
688168,安博通,67.04
688170,德龙激光,68.24
688171,纬德信息,48.85
688173,希荻微,75.44
688175,高凌信息,46.09
688176,亚虹医药-U,56.33
688177,百奥泰,83.69
688178,万德斯,31.15
688179,阿拉丁,83.01
688181,八亿时空,49.89
688182,灿勤科技,140.4
688184,ST帕瓦,14.05
688185,康希诺,74.24
688186,广大特材,57.98
688189,南新制药,28.78
688190,云路股份,104.29
688191,智洋创新,121.99
688193,仁度生物,23.3
688196,卓越新能,64.19
688197,首药控股-U,27.48
688198,佰仁医疗,136.43
688199,久日新材,46.97
688201,ST信安,27.29
688202,美迪西,87.97
688203,海正生材,28.6
688207,格灵深瞳,43.43
688209,英集芯,112.39
688210,统联精密,78.76
688211,中科微至,47.69
688212,澳华内镜,49.83
688215,瑞晟智能,47.06
688216,气派科技,37.25
688217,睿昂基因,16.61
688218,江苏北人,48.29
688219,会通股份,63.75
688221,前沿生物-U,92.11
688222,成都先导,118.84
688225,亚信安全,66.2
688226,威腾电气,109.81
688227,品高股份,128.41
688228,开普云,73.23
688229,博睿数据,44.58
688230,芯导科技,86.27
688231,隆达股份,96.74
688232,新点软件,73.19
688236,春立医疗,50.5
688237,超卓航科,46.64
688238,和元生物,42.32
688239,航宇科技,136.47
688244,永信至诚,30.15
688246,嘉和美康,32.14
688247,宣泰医药,43.02
688251,井松智能,30.45
688252,天德钰,97.43
688253,英诺特,73.55
688255,凯尔达,34.99
688259,创耀科技,44.21
688260,昀冢科技,61.06
688261,东微半导,101.1
688262,国芯科技,135.95
688265,南模生物,31.83
688267,中触媒,54.67
688269,凯立新材,55.18
688272,富吉瑞,36.08
688273,麦澜德,45.88
688276,百克生物,76.32
688277,天智航-U,86.27
688280,精进电动-W,34.62
688282,理工导航,79.99
688283,坤恒顺维,57.57
688285,高铁电气,35.67
688286,敏芯股份,40.03
688287,*ST观典,3.45
688288,鸿泉技术,24.67
688289,圣湘生物,105.74
688290,景业智能,68.04
688291,XD金橙子,49.05
688292,浩瀚深度,38.4
688293,奥浦迈,54.96
688296,和达科技,17.29
688298,东方生物,49.41
688299,长阳科技,55.12
688302,海创药业-U,45.45
688305,科德数控,85.52
688306,均普智能,122.21
688307,中润光学,102.79
688309,恒誉环保,63.92
688310,迈得医疗,28.58
688311,盟升电子,62.55
688312,燕麦科技,122.95
688314,康拓医疗,36.56
688315,诺禾致源,64.72
688316,青云科技-U,36.4
688317,之江生物,39.16
688320,禾川科技,57.08
688321,微芯生物,127.36
688323,瑞华泰,46.98
688325,赛微微电,101.92
688326,经纬恒润-W,99.46
688327,云从科技-UW,116.77
688328,深科达,63.41
688329,艾隆科技,19.08
688330,宏力达,56.76
688334,西高院,33.86
688335,复洁科技,44.14
688337,普源精电,110.81
688338,赛科希德,30.7
688339,亿华通-U,50.83
688345,博力威,52.1
688348,昱能科技,79.78
688350,富淼科技,49.42
688351,微电生理,125.93
688352,颀中科技,51.3
688355,明志科技,29.23
688356,键凯科技,55.72
688357,建龙微纳,34.38
688358,祥生医疗,37.84
688359,三孚新科,114.09
688360,德马科技,49.65
688365,光云科技,93.26
688366,昊海生科,75.25
688367,工大高科,35.4
688369,致远互联,28.32
688370,丛麟科技,33.45
688371,菲沃泰,117.42
688373,盟科药业-U,35.37
688376,美埃科技,103.87
688377,迪威尔,71.78
688378,奥来德,115.08
688379,华光新材,68.33
688381,帝奥微,84.65
688382,益方生物-U,131.11
688383,新益昌,110.76
688386,泛亚微透,76.82
688389,普门科技,54.97
688391,钜泉科技,37.62
688393,安必平,23.27
688395,正弦电气,27.79
688398,赛特新材,55.38
688399,硕世生物,54.58
688401,路维光电,132.39
688408,中信博,85.74
688410,山外山,54.46
688416,恒烁股份,103.61
688418,震有科技,101.4
688419,耐科装备,53.11
688420,美腾科技,11.38
688426,康为世纪,23.83
688428,诺诚健华,71.14
688429,时创能源,17.27
688435,英方软件,23.56
688439,振华风光,103.24
688443,智翔金泰-U,36.4
688448,磁谷科技,55.02
688450,光格科技,24.08
688455,科捷智能,34.5
688456,有研粉材,85.62
688458,美芯晟,33.65
688459,哈铁科技,43.63
688466,金科环境,22.37
688468,科美诊断,29.92
688478,晶升股份,73.1
688479,友车科技,27.15
688480,赛恩斯,99.56
688485,九州一轨,53.6
688486,龙迅股份,111.03
688488,艾迪药业,71.53
688489,三未信安,48.3
688496,*ST清越,8.28
688499,利元亨,91.79
688500,慧辰股份,34.92
688501,青达环保,29.44
688505,复旦张江,56.92
688507,索辰科技,47.27
688508,芯朋微,124.37
688509,正元地信,18.97
688510,航亚科技,90.29
688511,天微电子,30.63
688512,慧智微-U,43.88
688513,苑东生物,113.02
688515,裕太微-U,104.57
688517,金冠电气,32.31
688518,联赢激光,100.52
688522,纳睿雷达,42.07
688523,航天环宇,83.05
688526,科前生物,68.89
688528,秦川物联,21.03
688529,豪森智能,33.1
688530,欧莱新材,38.53
688533,上声电子,45.31
688535,华海诚科,128.03
688538,和辉光电-U,134.03
688539,高华科技,77.83
688543,国科军工,73.37
688545,兴福电子,145.8
688549,中巨芯-U,74.96
688550,瑞联新材,75.27
688551,科威尔,52.46
688552,航天南湖,34.66
688553,汇宇制药-W,70.08
688555,退市泽达,0.47
688556,高测股份,123.04
688557,兰剑智能,35.42
688558,国盛智科,53.99
688560,明冠新材,34.26
688562,航天软件,33.53
688563,航材股份,70.56
688565,力源科技,19.18
688566,吉贝尔,55.76
688569,铁科轨道,43.29
688570,天玛智控,32.88
688571,杭华股份,38.01
688573,信宇人,12.64
688575,亚辉龙,75.25
688576,西山科技,16.74
688577,浙海德曼,85.33
688579,地纬智能,40.24
688580,伟思医疗,60.49
688581,安杰思,26.64
688582,芯动联科,135.24
688583,思看科技,37.01
688584,上海合晶,95.16
688586,江航装备,112.92
688588,凌志软件,49.16
688589,力合微,35.02
688590,新致软件,44.14
688591,泰凌微,60.59
688592,司南导航,17.76
688593,新相微,125.39
688595,芯海科技,55.22
688596,正帆科技,105.77
688597,煜邦电力,28.67
688598,金博股份,59.0
688600,皖仪科技,38.28
688601,力芯微,84.24
688602,康鹏科技,19.96
688603,天承科技,62.48
688605,先锋精科,76.39
688606,奥泰生物,43.86
688607,康众医疗,50.99
688609,九联科技,55.9
688610,埃科光电,55.19
688611,杭州柯林,115.33
688612,威迈斯,78.77
688613,奥精医疗,27.81
688616,西力科技,25.65
688618,三旺通信,49.38
688619,罗普特,30.99
688620,安凯微,31.6
688621,阳光诺和,65.76
688622,*ST禾信,54.96
688623,双元科技,18.36
688626,翔宇医疗,101.81
688628,优利德,98.91
688631,莱斯信息,36.79
688633,星球石墨,53.45
688636,智明达,75.2
688638,誉辰智能,11.69
688639,XD华恒生,66.13
688646,ST逸飞,35.49
688648,中邮科技,34.03
688651,盛邦安全,13.41
688653,康希通信,49.96
688655,迅捷兴,82.66
688656,浩欧博,89.87
688657,浩辰软件,22.27
688658,悦康药业,99.72
688659,元琛科技,19.12
688662,富信科技,72.57
688663,新风光,107.66
688665,四方光电,52.32
688667,菱电电控,85.74
688669,聚石化学,44.23
688670,金迪克,23.05
688671,碧兴物联,11.79
688678,福立旺,100.29
688679,通源环境,81.29
688680,海优新材,48.67
688681,科汇股份,21.77
688682,霍莱沃,49.78
688683,莱尔科技,69.38
688685,迈信林,79.89
688686,奥普特,147.37
688687,凯因科技,34.1
688689,银河微电,51.37
688690,纳微科技,139.24
688691,灿芯股份,88.37
688693,锴威特,53.49
688695,中创股份,13.59
688696,极米科技,65.87
688697,纽威数控,94.71
688699,明微电子,70.94
688701,卓锦股份,14.57
688707,振华新材,86.43
688708,佳驰科技,74.2
688709,成都华微,87.28
688710,益诺思,57.58
688711,宏微科技,64.8
688712,北芯生命,16.89
688716,中研股份,25.22
688717,艾罗能源,118.16
688718,唯赛勃,32.96
688719,爱科赛博,69.22
688720,艾森股份,50.41
688721,龙图光罩,25.41
688722,同益中,41.77
688727,恒坤新材,28.83
688729,屹唐股份,55.15
688733,壹石通,67.96
688737,中自科技,34.43
688739,成大生物,100.78
688750,金天钛业,44.67
688755,汉邦科技,7.08
688757,胜科纳米,55.54
688758,赛分科技,58.56
688759,必贝特-U,18.25
688765,禾元生物-U,27.4
688767,博拓生物,63.56
688768,容知日新,37.08
688775,影石创新,68.88
688776,国光电气,89.22
688781,视涯科技-UW,19.45
688783,西安奕材-U,63.59
688785,恒运昌,52.44
688786,悦安新材,47.11
688787,海天瑞声,87.24
688788,科思科技,89.54
688789,宏华数科,108.77
688790,昂瑞微-UW,18.53
688793,倍轻松,21.45
688796,百奥赛图,36.68
688798,艾为电子,97.64
688799,华纳药厂,81.29
688802,沐曦股份-U,140.92
688805,健信超导,16.94
688807,优迅股份,60.7
688809,强一股份,107.02
688811,有研复材,26.03
688813,泰金新能,38.7
688816,易思维,13.47
688818,电科蓝天,120.79
